,longitude,latitude
0,-142.9,-142.9
1,-132.7982,-132.7982
2,-132.8202,-132.8202
3,-141.5667,-141.5667
4,-149.7853,-149.7853
5,-141.3165,-141.3165
6,-147.8142,-147.8142
7,-85.16235,-85.16235
8,-87.32655,-87.32655
9,-86.4559,-86.4559
10,-86.66465,-86.66465
11,-87.02025,-87.02025
12,-87.50905,-87.50905
13,-87.1105,-87.1105
14,-88.17885,-88.17885
15,-88.08305,-88.08305
16,-87.45876,-87.45876
17,-87.96095,-87.96095
18,-86.6333,-86.6333
19,-87.00665,-87.00665
20,-87.09069,-87.09069
21,-88.14999,-88.14999
22,-87.35664,-87.35664
23,-87.31821,-87.31821
24,-86.52105,-86.52105
25,-85.4258,-85.4258
26,-86.64066,-86.64066
27,-86.4664,-86.4664
28,-86.7891,-86.7891
29,-87.24547,-87.24547
30,-86.99782,-86.99782
31,-85.705,-85.705
32,-85.625,-85.625
33,-86.17524,-86.17524
34,-86.5,-86.5
35,-86.581,-86.581
36,-86.17122,-86.17122
37,-86.6575,-86.6575
38,-87.91833,-87.91833
39,-86.4891,-86.4891
40,-85.35995,-85.35995
41,-87.53395,-87.53395
42,-87.53395,-87.53395
43,-87.77686,-87.77686
44,-87.06486,-87.06486
45,-86.54527,-86.54527
46,-88.12475,-88.12475
47,-88.26291,-88.26291
48,-85.48985,-85.48985
49,-86.5045,-86.5045
50,-86.56954,-86.56954
51,-86.88621,-86.88621
52,-86.37698,-86.37698
53,-86.98473,-86.98473
54,-85.9793,-85.9793
55,-87.6942,-87.6942
56,-85.19265,-85.19265
57,-86.96416,-86.96416
58,-85.22781,-85.22781
59,-85.21574,-85.21574
60,-85.7944,-85.7944
61,-86.84557,-86.84557
62,-92.34083,-92.34083
63,-92.38222,-92.38222
64,-92.385,-92.385
65,-93.0,-93.0
66,-93.1,-93.1
67,-94.3643,-94.3643
68,-91.735,-91.735
69,-90.51056,-90.51056
70,-92.03389,-92.03389
71,-93.83426,-93.83426
72,-93.15208,-93.15208
73,-93.20389,-93.20389
74,-93.886,-93.886
75,-91.1125,-91.1125
76,-92.58667,-92.58667
77,-91.87,-91.87
78,-94.23417,-94.23417
79,-94.45417,-94.45417
80,-94.44694,-94.44694
81,-91.45889,-91.45889
82,-93.94583,-93.94583
83,-91.08056,-91.08056
84,-93.13361,-93.13361
85,-93.9475,-93.9475
86,-92.40778,-92.40778
87,-94.356,-94.356
88,-91.27056,-91.27056
89,-93.74,-93.74
90,-91.51306,-91.51306
91,-92.61493,-92.61493
92,-92.12,-92.12
93,-93.75723,-93.75723
94,-92.64066,-92.64066
95,-93.162,-93.162
96,-93.75313,-93.75313
97,-90.32,-90.32
98,-94.3745,-94.3745
99,-93.07654,-93.07654
100,-93.89135,-93.89135
101,-94.229,-94.229
102,-92.63179,-92.63179
103,-92.75093,-92.75093
104,-91.22115,-91.22115
105,-93.98622,-93.98622
106,-92.52505,-92.52505
107,-91.52025,-91.52025
108,-92.3575,-92.3575
109,-92.30614,-92.30614
110,-91.46231,-91.46231
111,-91.60007,-91.60007
112,-92.27071,-92.27071
113,-91.50301,-91.50301
114,-94.1125,-94.1125
115,-92.25454,-92.25454
116,-92.30519,-92.30519
117,-110.1835,-110.1835
118,-110.8403,-110.8403
119,-109.4276,-109.4276
120,-111.5,-111.5
121,-109.3191,-109.3191
122,-109.29,-109.29
123,-111.938,-111.938
124,-109.64,-109.64
125,-109.675,-109.675
126,-109.44,-109.44
127,-111.69,-111.69
128,-110.4298,-110.4298
129,-112.6432,-112.6432
130,-111.1367,-111.1367
131,-111.8634,-111.8634
132,-110.165,-110.165
133,-112.5421,-112.5421
134,-110.0,-110.0
135,-112.73,-112.73
136,-110.11,-110.11
137,-119.6436,-119.6436
138,-119.9833,-119.9833
139,-120.0914,-120.0914
140,-124.1625,-124.1625
141,-119.836,-119.836
142,-121.9139,-121.9139
143,-119.2119,-119.2119
144,-119.9065,-119.9065
145,-120.6781,-120.6781
146,-120.205,-120.205
147,-119.9833,-119.9833
148,-120.1358,-120.1358
149,-118.9975,-118.9975
150,-120.1877,-120.1877
151,-118.8489,-118.8489
152,-119.9811,-119.9811
153,-122.4306,-122.4306
154,-122.3839,-122.3839
155,-119.2642,-119.2642
156,-122.7325,-122.7325
157,-120.2339,-120.2339
158,-118.1303,-118.1303
159,-119.8633,-119.8633
160,-122.9958,-122.9958
161,-123.1317,-123.1317
162,-122.5833,-122.5833
163,-120.8908,-120.8908
164,-119.2569,-119.2569
165,-116.8625,-116.8625
166,-122.2703,-122.2703
167,-120.2653,-120.2653
168,-121.6156,-121.6156
169,-123.4817,-123.4817
170,-120.0133,-120.0133
171,-119.9833,-119.9833
172,-123.8692,-123.8692
173,-123.8692,-123.8692
174,-121.495,-121.495
175,-122.3775,-122.3775
176,-122.1781,-122.1781
177,-121.0161,-121.0161
178,-123.4817,-123.4817
179,-123.7675,-123.7675
180,-118.972,-118.972
181,-120.5836,-120.5836
182,-121.58,-121.58
183,-124.0,-124.0
184,-119.2119,-119.2119
185,-118.7402,-118.7402
186,-120.3275,-120.3275
187,-120.2434,-120.2434
188,-121.7,-121.7
189,-122.1667,-122.1667
190,-123.55,-123.55
191,-120.6033,-120.6033
192,-120.201,-120.201
193,-122.278,-122.278
194,-121.2919,-121.2919
195,-121.7146,-121.7146
196,-123.35,-123.35
197,-119.5483,-119.5483
198,-121.0517,-121.0517
199,-123.85,-123.85
200,-123.2718,-123.2718
201,-123.35,-123.35
202,-121.4871,-121.4871
203,-120.3784,-120.3784
204,-122.8055,-122.8055
205,-120.2201,-120.2201
206,-118.9166,-118.9166
207,-124.0687,-124.0687
208,-122.6667,-122.6667
209,-121.7138,-121.7138
210,-123.1668,-123.1668
211,-118.4333,-118.4333
212,-123.056,-123.056
213,-123.2393,-123.2393
214,-119.0,-119.0
215,-123.3899,-123.3899
216,-119.7853,-119.7853
217,-119.2916,-119.2916
218,-116.5333,-116.5333
219,-118.375,-118.375
220,-121.07,-121.07
221,-123.0585,-123.0585
222,-118.125,-118.125
223,-119.9254,-119.9254
224,-123.1749,-123.1749
225,-120.2083,-120.2083
226,-121.18,-121.18
227,-118.5834,-118.5834
228,-123.4498,-123.4498
229,-120.55,-120.55
230,-121.0,-121.0
231,-122.575,-122.575
232,-119.6234,-119.6234
233,-117.3395,-117.3395
234,-118.9604,-118.9604
235,-114.4419,-114.4419
236,-114.2347,-114.2347
237,-114.3957,-114.3957
238,-114.1397,-114.1397
239,-115.8742,-115.8742
240,-117.1638,-117.1638
241,-113.0987,-113.0987
242,-114.0243,-114.0243
243,-116.0426,-116.0426
244,-121.3177,-121.3177
245,-119.665,-119.665
246,-121.3324,-121.3324
247,-122.1751,-122.1751
248,-123.12,-123.12
249,-123.2054,-123.2054
250,-123.94,-123.94
251,-123.8562,-123.8562
252,-120.4736,-120.4736
253,-122.0064,-122.0064
254,-121.3976,-121.3976
255,-119.8664,-119.8664
256,-122.1171,-122.1171
257,-121.525,-121.525
258,-121.94,-121.94
259,-117.8504,-117.8504
260,-118.398,-118.398
261,-124.2872,-124.2872
262,-123.6171,-123.6171
263,-125.3675,-125.3675
264,-122.6089,-122.6089
265,-119.8076,-119.8076
266,-115.5743,-115.5743
267,-123.3647,-123.3647
268,-118.188,-118.188
269,-127.735,-127.735
270,-124.6929,-124.6929
271,-116.5133,-116.5133
272,-117.9636,-117.9636
273,-98.03333,-98.03333
274,-96.17149,-96.17149
275,-99.11815,-99.11815
276,-97.595,-97.595
277,-100.9129,-100.9129
278,-101.274,-101.274
279,-67.05334,-67.05334
280,-64.4627,-64.4627
281,-79.5985,-79.5985
282,-79.1338,-79.1338
283,-79.76308,-79.76308
284,-81.00553,-81.00553
285,-93.88194,-93.88194
286,-80.60942,-80.60942
287,-79.94618,-79.94618
288,-75.63184,-75.63184
289,-92.04907,-92.04907
290,-94.02934,-94.02934
291,-93.47855,-93.47855
292,-94.5176,-94.5176
293,-79.81129,-79.81129
294,-76.4198,-76.4198
295,-80.02915,-80.02915
296,-80.66389,-80.66389
297,-134.4837,-134.4837
298,-135.1155,-135.1155
299,-105.4979,-105.4979
300,-105.8199,-105.8199
301,-107.0153,-107.0153
302,-105.9583,-105.9583
303,-105.1058,-105.1058
304,-105.0652,-105.0652
305,-107.8833,-107.8833
306,-106.4917,-106.4917
307,-106.5123,-106.5123
308,-104.9677,-104.9677
309,-106.8085,-106.8085
310,-104.9743,-104.9743
311,-104.9908,-104.9908
312,-106.4269,-106.4269
313,-106.3833,-106.3833
314,-105.3646,-105.3646
315,-108.5417,-108.5417
316,-107.7667,-107.7667
317,-105.1598,-105.1598
318,-105.9333,-105.9333
319,-106.2583,-106.2583
320,-108.2083,-108.2083
321,-105.1167,-105.1167
322,-104.8604,-104.8604
323,-106.3,-106.3
324,-106.2275,-106.2275
325,-107.0671,-107.0671
326,-106.6535,-106.6535
327,-104.9917,-104.9917
328,-105.4826,-105.4826
329,-105.2155,-105.2155
330,-106.8583,-106.8583
331,-104.3786,-104.3786
332,-106.6417,-106.6417
333,-106.4417,-106.4417
334,-106.625,-106.625
335,-105.3542,-105.3542
336,-107.7084,-107.7084
337,-105.1146,-105.1146
338,-105.298,-105.298
339,-105.2146,-105.2146
340,-108.3364,-108.3364
341,-107.9514,-107.9514
342,-105.1137,-105.1137
343,-105.3792,-105.3792
344,-104.9426,-104.9426
345,-106.1666,-106.1666
346,-107.7247,-107.7247
347,-104.875,-104.875
348,-105.7854,-105.7854
349,-106.5445,-106.5445
350,-105.6385,-105.6385
351,-106.496,-106.496
352,-106.199,-106.199
353,-107.7015,-107.7015
354,-105.475,-105.475
355,-107.0596,-107.0596
356,-106.3023,-106.3023
357,-105.2527,-105.2527
358,-73.1512,-73.1512
359,-73.36136,-73.36136
360,-85.6489,-85.6489
361,-84.60745,-84.60745
362,-80.21295,-80.21295
363,-82.0332,-82.0332
364,-81.52915,-81.52915
365,-80.8595,-80.8595
366,-80.1937,-80.1937
367,-80.21025,-80.21025
368,-81.75165,-81.75165
369,-81.76041,-81.76041
370,-80.8368,-80.8368
371,-81.29691,-81.29691
372,-82.98365,-82.98365
373,-82.50591,-82.50591
374,-85.217,-85.217
375,-81.62275,-81.62275
376,-82.05835,-82.05835
377,-81.90875,-81.90875
378,-81.9233,-81.9233
379,-86.5065,-86.5065
380,-80.93504,-80.93504
381,-81.12476,-81.12476
382,-81.0621,-81.0621
383,-81.19445,-81.19445
384,-82.6053,-82.6053
385,-80.93919,-80.93919
386,-86.9648,-86.9648
387,-81.3456,-81.3456
388,-81.96195,-81.96195
389,-81.8708,-81.8708
390,-82.45165,-82.45165
391,-81.5446,-81.5446
392,-82.55556,-82.55556
393,-82.3657,-82.3657
394,-81.1273,-81.1273
395,-81.0651,-81.0651
396,-81.68295,-81.68295
397,-80.13215,-80.13215
398,-84.20835,-84.20835
399,-87.1814,-87.1814
400,-85.76891,-85.76891
401,-82.52655,-82.52655
402,-81.3065,-81.3065
403,-80.8044,-80.8044
404,-81.80005,-81.80005
405,-81.4189,-81.4189
406,-86.6913,-86.6913
407,-85.6316,-85.6316
408,-81.9055,-81.9055
409,-85.95136,-85.95136
410,-82.929,-82.929
411,-82.46557,-82.46557
412,-80.60976,-80.60976
413,-81.93871,-81.93871
414,-82.454,-82.454
415,-81.9742,-81.9742
416,-82.42,-82.42
417,-82.438,-82.438
418,-84.583,-84.583
419,-81.33,-81.33
420,-81.35876,-81.35876
421,-81.6965,-81.6965
422,-81.771,-81.771
423,-82.6505,-82.6505
424,-80.926,-80.926
425,-82.44749,-82.44749
426,-81.22285,-81.22285
427,-82.879,-82.879
428,-81.83705,-81.83705
429,-81.82794,-81.82794
430,-82.3722,-82.3722
431,-81.88324,-81.88324
432,-81.90216,-81.90216
433,-81.90477,-81.90477
434,-81.54172,-81.54172
435,-81.89565,-81.89565
436,-81.94118,-81.94118
437,-80.43689,-80.43689
438,-81.80878,-81.80878
439,-81.7268,-81.7268
440,-85.3948,-85.3948
441,-81.7757,-81.7757
442,-81.9755,-81.9755
443,-81.89905,-81.89905
444,-81.48598,-81.48598
445,-82.76431,-82.76431
446,-82.24487,-82.24487
447,-82.71758,-82.71758
448,-81.95577,-81.95577
449,-82.33316,-82.33316
450,-82.6783,-82.6783
451,-81.85762,-81.85762
452,-81.95577,-81.95577
453,-81.97483,-81.97483
454,-81.91354,-81.91354
455,-82.44225,-82.44225
456,-86.7513,-86.7513
457,-80.84301,-80.84301
458,-82.40295,-82.40295
459,-80.7217,-80.7217
460,-82.53305,-82.53305
461,-81.86789,-81.86789
462,-80.84716,-80.84716
463,-80.16933,-80.16933
464,-81.2299,-81.2299
465,-85.20786,-85.20786
466,-81.52609,-81.52609
467,-81.48534,-81.48534
468,-80.55011,-80.55011
469,-81.20045,-81.20045
470,-82.01917,-82.01917
471,-80.83882,-80.83882
472,-81.4819,-81.4819
473,-81.71583,-81.71583
474,-81.74579,-81.74579
475,-80.59502,-80.59502
476,-80.58182,-80.58182
477,-81.59869,-81.59869
478,-81.12898,-81.12898
479,-81.81697,-81.81697
480,-82.0443,-82.0443
481,-81.12292,-81.12292
482,-84.91096,-84.91096
483,-83.96767,-83.96767
484,-82.82335,-82.82335
485,-82.43094,-82.43094
486,-81.85223,-81.85223
487,-82.35501,-82.35501
488,-82.0435,-82.0435
489,-82.3948,-82.3948
490,-80.29457,-80.29457
491,-82.1475,-82.1475
492,-81.98468,-81.98468
493,-82.74918,-82.74918
494,-80.47805,-80.47805
495,-81.64167,-81.64167
496,-85.12705,-85.12705
497,-85.0,-85.0
498,-84.59345,-84.59345
499,-82.24471,-82.24471
500,-83.4192,-83.4192
501,-85.0409,-85.0409
502,-81.88475,-81.88475
503,-84.2269,-84.2269
504,-83.412,-83.412
505,-81.73075,-81.73075
506,-84.53352,-84.53352
507,-84.869,-84.869
508,-83.714,-83.714
509,-81.41267,-81.41267
510,-82.24886,-82.24886
511,-83.69085,-83.69085
512,-84.2532,-84.2532
513,-83.48067,-83.48067
514,-82.1341,-82.1341
515,-83.13654,-83.13654
516,-84.7681,-84.7681
517,-81.436,-81.436
518,-84.78979,-84.78979
519,-84.97515,-84.97515
520,-84.1293,-84.1293
521,-84.73846,-84.73846
522,-84.5136,-84.5136
523,-85.31646,-85.31646
524,-83.80404,-83.80404
525,-84.383,-84.383
526,-83.26071,-83.26071
527,-84.58501,-84.58501
528,-82.86789,-82.86789
529,-84.48006,-84.48006
530,-84.5317,-84.5317
531,-84.73555,-84.73555
532,-82.6386,-82.6386
533,-81.64665,-81.64665
534,-84.72352,-84.72352
535,-83.66153,-83.66153
536,-83.55708,-83.55708
537,-81.61756,-81.61756
538,-83.77811,-83.77811
539,-83.94456,-83.94456
540,-85.18678,-85.18678
541,-85.02602,-85.02602
542,-83.90588,-83.90588
543,-84.08932,-84.08932
544,-83.61285,-83.61285
545,-83.87177,-83.87177
546,-84.83903,-84.83903
547,-85.16238,-85.16238
548,-83.71705,-83.71705
549,-84.82338,-84.82338
550,-85.10207,-85.10207
551,-83.31311,-83.31311
552,-92.9008,-92.9008
553,-93.82007,-93.82007
554,-93.974,-93.974
555,-91.3867,-91.3867
556,-94.356,-94.356
557,-91.75205,-91.75205
558,-93.63804,-93.63804
559,-96.40213,-96.40213
560,-93.77783,-93.77783
561,-92.76577,-92.76577
562,-94.22206,-94.22206
563,-94.3677,-94.3677
564,-93.22192,-93.22192
565,-91.8043,-91.8043
566,-91.68192,-91.68192
567,-93.85965,-93.85965
568,-94.045,-94.045
569,-90.66615,-90.66615
570,-91.74585,-91.74585
571,-90.76557,-90.76557
572,-93.92304,-93.92304
573,-111.1241,-111.1241
574,-116.7787,-116.7787
575,-115.75,-115.75
576,-116.0833,-116.0833
577,-116.4,-116.4
578,-116.25,-116.25
579,-116.9156,-116.9156
580,-115.9167,-115.9167
581,-114.7503,-114.7503
582,-115.5833,-115.5833
583,-115.75,-115.75
584,-116.9266,-116.9266
585,-116.0558,-116.0558
586,-112.455,-112.455
587,-116.0834,-116.0834
588,-116.8368,-116.8368
589,-114.8281,-114.8281
590,-111.7899,-111.7899
591,-116.1475,-116.1475
592,-114.2634,-114.2634
593,-115.586,-115.586
594,-115.9965,-115.9965
595,-116.934,-116.934
596,-116.4171,-116.4171
597,-111.1241,-111.1241
598,-115.8714,-115.8714
599,-141.006,-141.006
600,-112.2873,-112.2873
601,-116.99,-116.99
602,-90.608,-90.608
603,-89.136,-89.136
604,-88.71672,-88.71672
605,-91.0007,-91.0007
606,-91.0863,-91.0863
607,-89.9595,-89.9595
608,-89.689,-89.689
609,-89.558,-89.558
610,-90.16171,-90.16171
611,-90.0594,-90.0594
612,-89.09732,-89.09732
613,-88.929,-88.929
614,-88.562,-88.562
615,-88.595,-88.595
616,-88.55,-88.55
617,-88.562,-88.562
618,-88.1577,-88.1577
619,-87.47077,-87.47077
620,-89.54485,-89.54485
621,-90.459,-90.459
622,-89.5,-89.5
623,-89.85,-89.85
624,-89.022,-89.022
625,-88.867,-88.867
626,-89.582,-89.582
627,-89.98351,-89.98351
628,-90.9009,-90.9009
629,-90.40675,-90.40675
630,-90.64,-90.64
631,-88.9963,-88.9963
632,-89.341,-89.341
633,-89.80125,-89.80125
634,-89.48787,-89.48787
635,-90.1451,-90.1451
636,-87.58124,-87.58124
637,-89.3211,-89.3211
638,-88.724,-88.724
639,-89.88871,-89.88871
640,-89.73378,-89.73378
641,-90.24173,-90.24173
642,-90.012,-90.012
643,-90.18651,-90.18651
644,-90.17564,-90.17564
645,-89.4691,-89.4691
646,-90.0055,-90.0055
647,-89.3469,-89.3469
648,-89.99328,-89.99328
649,-87.83285,-87.83285
650,-89.3469,-89.3469
651,-88.53889,-88.53889
652,-88.60814,-88.60814
653,-88.38197,-88.38197
654,-90.40184,-90.40184
655,-90.0795,-90.0795
656,-88.71103,-88.71103
657,-89.41959,-89.41959
658,-88.1676,-88.1676
659,-88.706,-88.706
660,-87.68468,-87.68468
661,-89.88347,-89.88347
662,-90.18332,-90.18332
663,-88.29926,-88.29926
664,-88.4586,-88.4586
665,-90.16501,-90.16501
666,-88.71402,-88.71402
667,-89.55229,-89.55229
668,-88.99181,-88.99181
669,-89.36896,-89.36896
670,-89.48784,-89.48784
671,-90.79664,-90.79664
672,-88.95451,-88.95451
673,-88.9813,-88.9813
674,-90.04582,-90.04582
675,-87.79079,-87.79079
676,-87.75156,-87.75156
677,-89.48784,-89.48784
678,-89.60034,-89.60034
679,-90.59952,-90.59952
680,-88.1033,-88.1033
681,-90.95499,-90.95499
682,-89.49155,-89.49155
683,-87.60593,-87.60593
684,-88.61966,-88.61966
685,-88.98393,-88.98393
686,-87.8572,-87.8572
687,-90.0933,-90.0933
688,-90.928,-90.928
689,-89.17177,-89.17177
690,-89.80784,-89.80784
691,-90.16382,-90.16382
692,-87.8574,-87.8574
693,-88.92,-88.92
694,-90.4429,-90.4429
695,-88.70795,-88.70795
696,-90.3832,-90.3832
697,-88.30026,-88.30026
698,-88.23882,-88.23882
699,-89.72024,-89.72024
700,-88.362,-88.362
701,-89.49032,-89.49032
702,-89.86021,-89.86021
703,-86.1512,-86.1512
704,-85.7037,-85.7037
705,-86.5945,-86.5945
706,-85.61,-85.61
707,-85.8486,-85.8486
708,-86.1084,-86.1084
709,-86.161,-86.161
710,-86.11,-86.11
711,-87.3203,-87.3203
712,-87.23335,-87.23335
713,-86.57665,-86.57665
714,-86.46065,-86.46065
715,-86.64338,-86.64338
716,-84.971,-84.971
717,-86.25349,-86.25349
718,-85.69739,-85.69739
719,-85.3532,-85.3532
720,-85.5481,-85.5481
721,-87.13843,-87.13843
722,-94.72448,-94.72448
723,-96.9614,-96.9614
724,-95.0802,-95.0802
725,-94.6837,-94.6837
726,-96.8223,-96.8223
727,-97.60829,-97.60829
728,-97.40294,-97.40294
729,-95.84024,-95.84024
730,-95.7455,-95.7455
731,-95.2577,-95.2577
732,-97.3374,-97.3374
733,-95.6491,-95.6491
734,-95.747,-95.747
735,-96.44296,-96.44296
736,-97.34005,-97.34005
737,-98.42924,-98.42924
738,-95.44415,-95.44415
739,-97.1953,-97.1953
740,-97.4572,-97.4572
741,-97.41755,-97.41755
742,-99.26195,-99.26195
743,-94.54,-94.54
744,-88.41175,-88.41175
745,-83.67952,-83.67952
746,-84.92358,-84.92358
747,-84.97527,-84.97527
748,-82.7989,-82.7989
749,-82.88309,-82.88309
750,-82.74628,-82.74628
751,-88.9949,-88.9949
752,-83.66641,-83.66641
753,-87.89844,-87.89844
754,-84.2552,-84.2552
755,-84.1989,-84.1989
756,-83.9311,-83.9311
757,-85.0016,-85.0016
758,-87.02245,-87.02245
759,-86.98705,-86.98705
760,-83.83695,-83.83695
761,-83.80266,-83.80266
762,-84.28714,-84.28714
763,-83.25562,-83.25562
764,-82.69576,-82.69576
765,-82.64877,-82.64877
766,-82.43635,-82.43635
767,-84.33998,-84.33998
768,-83.32354,-83.32354
769,-82.83425,-82.83425
770,-83.81139,-83.81139
771,-84.588,-84.588
772,-83.0452,-83.0452
773,-82.83278,-82.83278
774,-87.96917,-87.96917
775,-88.15556,-88.15556
776,-87.89472,-87.89472
777,-83.95846,-83.95846
778,-83.9769,-83.9769
779,-87.52757,-87.52757
780,-87.344,-87.344
781,-83.85683,-83.85683
782,-83.89224,-83.89224
783,-83.46259,-83.46259
784,-84.67017,-84.67017
785,-84.10435,-84.10435
786,-86.45915,-86.45915
787,-83.08006,-83.08006
788,-87.01657,-87.01657
789,-84.50035,-84.50035
790,-82.48093,-82.48093
791,-84.94009,-84.94009
792,-82.5183,-82.5183
793,-82.73412,-82.73412
794,-86.11702,-86.11702
795,-84.79574,-84.79574
796,-84.90234,-84.90234
797,-87.93167,-87.93167
798,-82.69125,-82.69125
799,-83.41507,-83.41507
800,-83.42429,-83.42429
801,-83.56467,-83.56467
802,-86.93743,-86.93743
803,-82.51773,-82.51773
804,-86.05289,-86.05289
805,-90.8493,-90.8493
806,-93.9467,-93.9467
807,-92.3104,-92.3104
808,-92.37835,-92.37835
809,-92.4976,-92.4976
810,-92.4054,-92.4054
811,-92.40895,-92.40895
812,-93.2512,-93.2512
813,-92.3104,-92.3104
814,-92.3309,-92.3309
815,-93.0887,-93.0887
816,-92.2508,-92.2508
817,-92.3495,-92.3495
818,-91.01565,-91.01565
819,-93.2952,-93.2952
820,-92.6221,-92.6221
821,-93.50845,-93.50845
822,-92.914,-92.914
823,-93.45,-93.45
824,-91.14448,-91.14448
825,-92.46844,-92.46844
826,-91.76733,-91.76733
827,-90.593,-90.593
828,-71.9023,-71.9023
829,-71.58914,-71.58914
830,-70.95906,-70.95906
831,-71.42092,-71.42092
832,-73.21289,-73.21289
833,-76.82731,-76.82731
834,-76.34047,-76.34047
835,-84.58583,-84.58583
836,-82.53083,-82.53083
837,-84.42722,-84.42722
838,-87.73236,-87.73236
839,-84.2114,-84.2114
840,-83.60472,-83.60472
841,-84.66833,-84.66833
842,-85.60028,-85.60028
843,-85.34194,-85.34194
844,-84.7602,-84.7602
845,-86.16861,-86.16861
846,-83.18583,-83.18583
847,-83.27139,-83.27139
848,-87.42407,-87.42407
849,-84.35389,-84.35389
850,-83.92834,-83.92834
851,-83.58,-83.58
852,-85.82096,-85.82096
853,-85.05965,-85.05965
854,-84.05358,-84.05358
855,-84.7802,-84.7802
856,-84.72922,-84.72922
857,-88.16701,-88.16701
858,-87.98718,-87.98718
859,-87.48289,-87.48289
860,-84.87524,-84.87524
861,-87.3289,-87.3289
862,-84.7378,-84.7378
863,-85.95865,-85.95865
864,-85.589,-85.589
865,-84.40335,-84.40335
866,-85.41,-85.41
867,-86.5228,-86.5228
868,-84.04025,-84.04025
869,-84.71,-84.71
870,-88.28403,-88.28403
871,-85.97613,-85.97613
872,-86.1437,-86.1437
873,-85.86292,-85.86292
874,-84.425,-84.425
875,-84.12485,-84.12485
876,-83.845,-83.845
877,-84.6,-84.6
878,-84.06493,-84.06493
879,-84.355,-84.355
880,-85.12935,-85.12935
881,-84.9825,-84.9825
882,-84.165,-84.165
883,-84.0415,-84.0415
884,-84.91665,-84.91665
885,-85.00165,-85.00165
886,-84.605,-84.605
887,-84.22701,-84.22701
888,-83.85985,-83.85985
889,-85.075,-85.075
890,-86.10172,-86.10172
891,-85.0,-85.0
892,-87.46171,-87.46171
893,-86.21193,-86.21193
894,-84.2995,-84.2995
895,-86.4565,-86.4565
896,-83.4885,-83.4885
897,-85.2165,-85.2165
898,-85.92196,-85.92196
899,-85.6885,-85.6885
900,-83.89001,-83.89001
901,-86.19037,-86.19037
902,-85.51546,-85.51546
903,-89.91997,-89.91997
904,-92.36145,-92.36145
905,-93.02428,-93.02428
906,-92.36145,-92.36145
907,-92.53,-92.53
908,-93.06226,-93.06226
909,-95.11484,-95.11484
910,-94.98708,-94.98708
911,-93.25262,-93.25262
912,-93.0,-93.0
913,-92.01759,-92.01759
914,-91.432,-91.432
915,-92.97639,-92.97639
916,-91.6533,-91.6533
917,-91.2,-91.2
918,-91.09014,-91.09014
919,-91.093,-91.093
920,-92.20055,-92.20055
921,-93.5577,-93.5577
922,-93.8794,-93.8794
923,-90.0329,-90.0329
924,-90.7517,-90.7517
925,-90.675,-90.675
926,-93.13545,-93.13545
927,-93.71506,-93.71506
928,-92.59781,-92.59781
929,-92.173,-92.173
930,-92.425,-92.425
931,-93.4303,-93.4303
932,-92.8254,-92.8254
933,-91.6253,-91.6253
934,-92.9282,-92.9282
935,-92.411,-92.411
936,-93.614,-93.614
937,-93.8232,-93.8232
938,-91.96238,-91.96238
939,-90.52987,-90.52987
940,-93.894,-93.894
941,-90.9525,-90.9525
942,-93.65774,-93.65774
943,-89.67815,-89.67815
944,-90.39488,-90.39488
945,-94.856,-94.856
946,-89.6075,-89.6075
947,-92.7622,-92.7622
948,-93.684,-93.684
949,-89.55949,-89.55949
950,-93.82087,-93.82087
951,-90.53249,-90.53249
952,-92.09264,-92.09264
953,-90.79886,-90.79886
954,-89.98725,-89.98725
955,-91.16042,-91.16042
956,-92.36771,-92.36771
957,-89.86899,-89.86899
958,-94.52888,-94.52888
959,-90.66216,-90.66216
960,-94.60989,-94.60989
961,-92.07335,-92.07335
962,-92.3046,-92.3046
963,-94.16049,-94.16049
964,-94.11218,-94.11218
965,-94.6028,-94.6028
966,-91.3012,-91.3012
967,-90.23058,-90.23058
968,-92.11988,-92.11988
969,-93.14626,-93.14626
970,-94.19245,-94.19245
971,-94.59565,-94.59565
972,-94.1057,-94.1057
973,-93.29459,-93.29459
974,-94.02478,-94.02478
975,-94.40015,-94.40015
976,-90.83465,-90.83465
977,-94.22043,-94.22043
978,-90.71574,-90.71574
979,-89.59135,-89.59135
980,-89.6111,-89.6111
981,-88.74805,-88.74805
982,-88.40335,-88.40335
983,-89.845,-89.845
984,-88.7496,-88.7496
985,-89.0338,-89.0338
986,-90.8022,-90.8022
987,-91.08505,-91.08505
988,-88.864,-88.864
989,-88.19894,-88.19894
990,-88.77015,-88.77015
991,-88.77015,-88.77015
992,-90.19371,-90.19371
993,-111.125,-111.125
994,-113.1236,-113.1236
995,-112.7031,-112.7031
996,-111.8861,-111.8861
997,-113.8381,-113.8381
998,-110.3308,-110.3308
999,-104.1922,-104.1922
1000,-110.8069,-110.8069
1001,-112.702,-112.702
1002,-111.9094,-111.9094
1003,-115.3903,-115.3903
1004,-114.0717,-114.0717
1005,-113.1198,-113.1198
1006,-106.8331,-106.8331
1007,-114.0125,-114.0125
1008,-112.4554,-112.4554
1009,-108.6873,-108.6873
1010,-110.7781,-110.7781
1011,-112.9707,-112.9707
1012,-77.2914,-77.2914
1013,-82.443,-82.443
1014,-83.28265,-83.28265
1015,-76.29115,-76.29115
1016,-80.26915,-80.26915
1017,-80.7704,-80.7704
1018,-78.4048,-78.4048
1019,-78.63611,-78.63611
1020,-78.09365,-78.09365
1021,-80.6282,-80.6282
1022,-79.03025,-79.03025
1023,-80.0616,-80.0616
1024,-77.50434,-77.50434
1025,-81.5917,-81.5917
1026,-82.829,-82.829
1027,-76.946,-76.946
1028,-82.287,-82.287
1029,-82.321,-82.321
1030,-79.75644,-79.75644
1031,-80.375,-80.375
1032,-77.23759,-77.23759
1033,-77.90525,-77.90525
1034,-81.30889,-81.30889
1035,-81.92929,-81.92929
1036,-79.21278,-79.21278
1037,-82.05008,-82.05008
1038,-82.22121,-82.22121
1039,-77.53445,-77.53445
1040,-82.56715,-82.56715
1041,-81.03185,-81.03185
1042,-77.85507,-77.85507
1043,-79.26708,-79.26708
1044,-101.3166,-101.3166
1045,-102.701,-102.701
1046,-101.8886,-101.8886
1047,-96.7432,-96.7432
1048,-97.97573,-97.97573
1049,-96.6824,-96.6824
1050,-95.88,-95.88
1051,-95.92,-95.92
1052,-98.22576,-98.22576
1053,-100.5501,-100.5501
1054,-103.398,-103.398
1055,-74.4611,-74.4611
1056,-74.6215,-74.6215
1057,-74.2918,-74.2918
1058,-74.321,-74.321
1059,-74.68135,-74.68135
1060,-74.3249,-74.3249
1061,-74.3749,-74.3749
1062,-74.43445,-74.43445
1063,-3706646.0,-3706646.0
1064,-74.59959,-74.59959
1065,-74.85561,-74.85561
1066,-74.72261,-74.72261
1067,-74.57013,-74.57013
1068,-74.80315,-74.80315
1069,-105.7395,-105.7395
1070,-108.87,-108.87
1071,-106.8803,-106.8803
1072,-105.7947,-105.7947
1073,-108.8676,-108.8676
1074,-104.4801,-104.4801
1075,-107.3956,-107.3956
1076,-107.6021,-107.6021
1077,-109.0612,-109.0612
1078,-108.7608,-108.7608
1079,-107.9978,-107.9978
1080,-108.892,-108.892
1081,-105.9678,-105.9678
1082,-108.2034,-108.2034
1083,-108.84,-108.84
1084,-105.2526,-105.2526
1085,-119.6564,-119.6564
1086,-119.6665,-119.6665
1087,-119.8458,-119.8458
1088,-118.325,-118.325
1089,-77.4028,-77.4028
1090,-75.0116,-75.0116
1091,-75.64853,-75.64853
1092,-74.14589,-74.14589
1093,-78.23962,-78.23962
1094,-77.93121,-77.93121
1095,-73.7171,-73.7171
1096,-75.3811,-75.3811
1097,-78.54224,-78.54224
1098,-78.82683,-78.82683
1099,-77.60525,-77.60525
1100,-74.8865,-74.8865
1101,-78.3253,-78.3253
1102,-73.87915,-73.87915
1103,-76.89331,-76.89331
1104,-73.55858,-73.55858
1105,-74.23166,-74.23166
1106,-81.11642,-81.11642
1107,-81.27132,-81.27132
1108,-82.36887,-82.36887
1109,-84.18491,-84.18491
1110,-83.02854,-83.02854
1111,-80.88494,-80.88494
1112,-80.77387,-80.77387
1113,-82.69884,-82.69884
1114,-83.95184,-83.95184
1115,-83.94906,-83.94906
1116,-83.96562,-83.96562
1117,-83.96123,-83.96123
1118,-81.25768,-81.25768
1119,-82.29162,-82.29162
1120,-80.58332,-80.58332
1121,-81.35575,-81.35575
1122,-84.38103,-84.38103
1123,-81.51749,-81.51749
1124,-81.73172,-81.73172
1125,-81.33974,-81.33974
1126,-82.80257,-82.80257
1127,-81.3726,-81.3726
1128,-83.39134,-83.39134
1129,-84.06565,-84.06565
1130,-82.32803,-82.32803
1131,-82.23988,-82.23988
1132,-81.30896,-81.30896
1133,-82.54968,-82.54968
1134,-82.55177,-82.55177
1135,-82.52238,-82.52238
1136,-81.54855,-81.54855
1137,-83.28128,-83.28128
1138,-80.93665,-80.93665
1139,-82.24257,-82.24257
1140,-80.55217,-80.55217
1141,-80.57164,-80.57164
1142,-81.85331,-81.85331
1143,-81.51075,-81.51075
1144,-84.09158,-84.09158
1145,-84.54476,-84.54476
1146,-83.00142,-83.00142
1147,-81.63656,-81.63656
1148,-84.79429,-84.79429
1149,-84.80138,-84.80138
1150,-81.1438,-81.1438
1151,-83.6118,-83.6118
1152,-81.1351,-81.1351
1153,-80.58163,-80.58163
1154,-80.6937,-80.6937
1155,-80.78826,-80.78826
1156,-82.67252,-82.67252
1157,-80.9835,-80.9835
1158,-83.26393,-83.26393
1159,-84.62567,-84.62567
1160,-82.48699,-82.48699
1161,-83.12873,-83.12873
1162,-81.0758,-81.0758
1163,-80.76735,-80.76735
1164,-81.67339,-81.67339
1165,-81.19895,-81.19895
1166,-82.93085,-82.93085
1167,-81.62379,-81.62379
1168,-83.5556,-83.5556
1169,-82.26236,-82.26236
1170,-83.0363,-83.0363
1171,-82.97854,-82.97854
1172,-82.1013,-82.1013
1173,-82.0101,-82.0101
1174,-80.57593,-80.57593
1175,-81.98721,-81.98721
1176,-84.45905,-84.45905
1177,-80.64831,-80.64831
1178,-82.29486,-82.29486
1179,-81.65929,-81.65929
1180,-83.11422,-83.11422
1181,-81.39101,-81.39101
1182,-81.17155,-81.17155
1183,-82.44401,-82.44401
1184,-81.4311,-81.4311
1185,-84.21719,-84.21719
1186,-84.14493,-84.14493
1187,-82.2244,-82.2244
1188,-83.13585,-83.13585
1189,-82.70263,-82.70263
1190,-82.66616,-82.66616
1191,-81.96419,-81.96419
1192,-82.47604,-82.47604
1193,-82.41166,-82.41166
1194,-81.69818,-81.69818
1195,-82.28814,-82.28814
1196,-82.32669,-82.32669
1197,-81.15622,-81.15622
1198,-83.9374,-83.9374
1199,-81.26217,-81.26217
1200,-81.77677,-81.77677
1201,-81.79669,-81.79669
1202,-80.6616,-80.6616
1203,-81.20629,-81.20629
1204,-82.82576,-82.82576
1205,-80.89096,-80.89096
1206,-81.5117,-81.5117
1207,-81.61014,-81.61014
1208,-82.82214,-82.82214
1209,-83.51394,-83.51394
1210,-81.81317,-81.81317
1211,-81.22075,-81.22075
1212,-83.0556,-83.0556
1213,-82.87663,-82.87663
1214,-82.71107,-82.71107
1215,-81.18352,-81.18352
1216,-83.0337,-83.0337
1217,-81.5745,-81.5745
1218,-80.51186,-80.51186
1219,-81.56232,-81.56232
1220,-81.56255,-81.56255
1221,-83.80582,-83.80582
1222,-84.36874,-84.36874
1223,-80.77592,-80.77592
1224,-81.32809,-81.32809
1225,-80.97507,-80.97507
1226,-81.1124,-81.1124
1227,-82.14285,-82.14285
1228,-81.39331,-81.39331
1229,-80.95952,-80.95952
1230,-81.60576,-81.60576
1231,-80.53528,-80.53528
1232,-84.04518,-84.04518
1233,-82.17295,-82.17295
1234,-81.22853,-81.22853
1235,-82.17295,-82.17295
1236,-81.50933,-81.50933
1237,-81.31219,-81.31219
1238,-81.07013,-81.07013
1239,-84.17227,-84.17227
1240,-82.11172,-82.11172
1241,-96.30222,-96.30222
1242,-95.70208,-95.70208
1243,-96.75361,-96.75361
1244,-97.479,-97.479
1245,-95.01167,-95.01167
1246,-94.65639,-94.65639
1247,-98.31556,-98.31556
1248,-94.84861,-94.84861
1249,-94.70667,-94.70667
1250,-96.972,-96.972
1251,-94.83,-94.83
1252,-97.1225,-97.1225
1253,-98.575,-98.575
1254,-96.66528,-96.66528
1255,-98.34056,-98.34056
1256,-97.45694,-97.45694
1257,-97.03333,-97.03333
1258,-94.55944,-94.55944
1259,-95.80417,-95.80417
1260,-96.968,-96.968
1261,-95.97,-95.97
1262,-98.13028,-98.13028
1263,-95.62278,-95.62278
1264,-96.60222,-96.60222
1265,-95.74556,-95.74556
1266,-97.33528,-97.33528
1267,-97.21555,-97.21555
1268,-94.7325,-94.7325
1269,-95.60667,-95.60667
1270,-95.26167,-95.26167
1271,-97.5625,-97.5625
1272,-99.1702,-99.1702
1273,-97.07361,-97.07361
1274,-98.62833,-98.62833
1275,-95.65417,-95.65417
1276,-97.00389,-97.00389
1277,-95.97023,-95.97023
1278,-96.21,-96.21
1279,-94.68028,-94.68028
1280,-95.94727,-95.94727
1281,-96.12164,-96.12164
1282,-96.36707,-96.36707
1283,-96.63857,-96.63857
1284,-98.61497,-98.61497
1285,-94.78227,-94.78227
1286,-95.79677,-95.79677
1287,-94.38045,-94.38045
1288,-94.66875,-94.66875
1289,-98.99414,-98.99414
1290,-121.9123,-121.9123
1291,-123.3471,-123.3471
1292,-122.8889,-122.8889
1293,-123.7027,-123.7027
1294,-123.3604,-123.3604
1295,-122.3876,-122.3876
1296,-121.9524,-121.9524
1297,-123.5469,-123.5469
1298,-118.2742,-118.2742
1299,-123.3768,-123.3768
1300,-122.533,-122.533
1301,-117.991,-117.991
1302,-124.2,-124.2
1303,-118.0811,-118.0811
1304,-118.9491,-118.9491
1305,-118.42,-118.42
1306,-124.53,-124.53
1307,-122.9903,-122.9903
1308,-123.866,-123.866
1309,-122.6397,-122.6397
1310,-124.3,-124.3
1311,-124.3,-124.3
1312,-121.5835,-121.5835
1313,-123.175,-123.175
1314,-123.875,-123.875
1315,-121.9139,-121.9139
1316,-122.1884,-122.1884
1317,-123.3833,-123.3833
1318,-122.4163,-122.4163
1319,-123.449,-123.449
1320,-122.0505,-122.0505
1321,-123.4166,-123.4166
1322,-121.8735,-121.8735
1323,-118.875,-118.875
1324,-123.975,-123.975
1325,-121.726,-121.726
1326,-118.1253,-118.1253
1327,-121.4755,-121.4755
1328,-121.8955,-121.8955
1329,-122.1,-122.1
1330,-123.694,-123.694
1331,-118.415,-118.415
1332,-122.4888,-122.4888
1333,-122.3352,-122.3352
1334,-122.1629,-122.1629
1335,-123.1611,-123.1611
1336,-123.6416,-123.6416
1337,-124.0598,-124.0598
1338,-122.475,-122.475
1339,-121.6796,-121.6796
1340,-122.1814,-122.1814
1341,-122.0802,-122.0802
1342,-123.311,-123.311
1343,-118.3692,-118.3692
1344,-121.1537,-121.1537
1345,-117.2022,-117.2022
1346,-118.6016,-118.6016
1347,-123.9513,-123.9513
1348,-124.1214,-124.1214
1349,-123.5381,-123.5381
1350,-124.0133,-124.0133
1351,-122.095,-122.095
1352,-121.6384,-121.6384
1353,-123.4034,-123.4034
1354,-122.1954,-122.1954
1355,-121.9165,-121.9165
1356,-123.972,-123.972
1357,-124.2148,-124.2148
1358,-122.585,-122.585
1359,-118.5654,-118.5654
1360,-123.5585,-123.5585
1361,-123.2725,-123.2725
1362,-123.6956,-123.6956
1363,-121.8388,-121.8388
1364,-121.9584,-121.9584
1365,-122.2347,-122.2347
1366,-123.6216,-123.6216
1367,-121.7084,-121.7084
1368,-122.1322,-122.1322
1369,-121.9104,-121.9104
1370,-124.43,-124.43
1371,-77.8768,-77.8768
1372,-78.65621,-78.65621
1373,-79.56702,-79.56702
1374,-78.42314,-78.42314
1375,-79.8765,-79.8765
1376,-80.54177,-80.54177
1377,-76.804,-76.804
1378,-77.27178,-77.27178
1379,-79.9167,-79.9167
1380,-78.377,-78.377
1381,-79.6575,-79.6575
1382,-80.0107,-80.0107
1383,-79.7668,-79.7668
1384,-75.06665,-75.06665
1385,-80.25475,-80.25475
1386,-75.37814,-75.37814
1387,-79.16817,-79.16817
1388,-75.205,-75.205
1389,-78.5826,-78.5826
1390,-78.66863,-78.66863
1391,-74.53322,-74.53322
1392,-74.85745,-74.85745
1393,-80.26563,-80.26563
1394,-80.50751,-80.50751
1395,-71.5,-71.5
1396,-71.65183,-71.65183
1397,-71.6568,-71.6568
1398,-79.65835,-79.65835
1399,-80.3891,-80.3891
1400,-78.9211,-78.9211
1401,-81.61264,-81.61264
1402,-83.11639,-83.11639
1403,-80.156,-80.156
1404,-80.074,-80.074
1405,-82.38998,-82.38998
1406,-80.316,-80.316
1407,-81.359,-81.359
1408,-79.1246,-79.1246
1409,-81.70052,-81.70052
1410,-82.56786,-82.56786
1411,-81.56005,-81.56005
1412,-102.3971,-102.3971
1413,-101.7312,-101.7312
1414,-103.4966,-103.4966
1415,-99.1903,-99.1903
1416,-84.28315,-84.28315
1417,-89.63499,-89.63499
1418,-86.465,-86.465
1419,-89.48666,-89.48666
1420,-87.19556,-87.19556
1421,-87.25375,-87.25375
1422,-84.3046,-84.3046
1423,-86.5101,-86.5101
1424,-84.0475,-84.0475
1425,-87.38542,-87.38542
1426,-84.48414,-84.48414
1427,-84.0458,-84.0458
1428,-86.7074,-86.7074
1429,-83.53575,-83.53575
1430,-86.46987,-86.46987
1431,-87.4769,-87.4769
1432,-83.3032,-83.3032
1433,-89.25397,-89.25397
1434,-86.60155,-86.60155
1435,-86.5104,-86.5104
1436,-84.66167,-84.66167
1437,-86.15759,-86.15759
1438,-4319942.0,-4319942.0
1439,-84.88466,-84.88466
1440,-85.07263,-85.07263
1441,-82.38587,-82.38587
1442,-98.03333,-98.03333
1443,-100.5,-100.5
1444,-95.32,-95.32
1445,-94.76362,-94.76362
1446,-97.5,-97.5
1447,-95.5425,-95.5425
1448,-95.37666,-95.37666
1449,-95.52722,-95.52722
1450,-94.86958,-94.86958
1451,-97.8375,-97.8375
1452,-95.01264,-95.01264
1453,-97.04361,-97.04361
1454,-94.3,-94.3
1455,-95.48833,-95.48833
1456,-98.055,-98.055
1457,-95.60834,-95.60834
1458,-102.6922,-102.6922
1459,-94.89778,-94.89778
1460,-95.06667,-95.06667
1461,-95.16028,-95.16028
1462,-94.63458,-94.63458
1463,-99.18778,-99.18778
1464,-95.58334,-95.58334
1465,-95.76861,-95.76861
1466,-95.80556,-95.80556
1467,-94.965,-94.965
1468,-103.7439,-103.7439
1469,-98.35,-98.35
1470,-95.19722,-95.19722
1471,-94.59222,-94.59222
1472,-95.8775,-95.8775
1473,-97.54944,-97.54944
1474,-94.90528,-94.90528
1475,-94.41528,-94.41528
1476,-95.82056,-95.82056
1477,-96.10222,-96.10222
1478,-94.37444,-94.37444
1479,-102.3881,-102.3881
1480,-96.00306,-96.00306
1481,-94.7375,-94.7375
1482,-96.84806,-96.84806
1483,-95.83639,-95.83639
1484,-100.4161,-100.4161
1485,-95.90694,-95.90694
1486,-96.78917,-96.78917
1487,-94.35722,-94.35722
1488,-94.16666,-94.16666
1489,-95.27361,-95.27361
1490,-94.2,-94.2
1491,-94.52,-94.52
1492,-94.15,-94.15
1493,-95.61056,-95.61056
1494,-94.85,-94.85
1495,-98.08611,-98.08611
1496,-94.2,-94.2
1497,-94.79333,-94.79333
1498,-94.82,-94.82
1499,-94.86667,-94.86667
1500,-94.9,-94.9
1501,-94.25694,-94.25694
1502,-94.83334,-94.83334
1503,-95.09167,-95.09167
1504,-96.29222,-96.29222
1505,-96.25,-96.25
1506,-96.71,-96.71
1507,-101.3903,-101.3903
1508,-93.61667,-93.61667
1509,-95.21667,-95.21667
1510,-97.83334,-97.83334
1511,-94.86667,-94.86667
1512,-94.68333,-94.68333
1513,-94.72334,-94.72334
1514,-95.6,-95.6
1515,-94.14306,-94.14306
1516,-94.85,-94.85
1517,-96.01666,-96.01666
1518,-95.63,-95.63
1519,-95.00833,-95.00833
1520,-93.94,-93.94
1521,-95.3,-95.3
1522,-95.32,-95.32
1523,-98.09234,-98.09234
1524,-94.70139,-94.70139
1525,-94.32139,-94.32139
1526,-95.28653,-95.28653
1527,-97.05903,-97.05903
1528,-94.47903,-94.47903
1529,-93.972,-93.972
1530,-93.7,-93.7
1531,-98.3298,-98.3298
1532,-95.6669,-95.6669
1533,-95.46671,-95.46671
1534,-95.23958,-95.23958
1535,-95.59745,-95.59745
1536,-93.8117,-93.8117
1537,-101.667,-101.667
1538,-98.68465,-98.68465
1539,-95.37101,-95.37101
1540,-95.10654,-95.10654
1541,-94.45095,-94.45095
1542,-96.12524,-96.12524
1543,-95.12381,-95.12381
1544,-95.17966,-95.17966
1545,-95.35257,-95.35257
1546,-97.61,-97.61
1547,-97.61,-97.61
1548,-95.12872,-95.12872
1549,-97.77225,-97.77225
1550,-98.15854,-98.15854
1551,-98.325,-98.325
1552,-100.6767,-100.6767
1553,-111.3481,-111.3481
1554,-111.6992,-111.6992
1555,-110.9315,-110.9315
1556,-111.75,-111.75
1557,-109.9,-109.9
1558,-112.35,-112.35
1559,-111.4988,-111.4988
1560,-112.5,-112.5
1561,-111.5447,-111.5447
1562,-111.5281,-111.5281
1563,-111.0837,-111.0837
1564,-109.5143,-109.5143
1565,-113.7382,-113.7382
1566,-112.0179,-112.0179
1567,-111.5333,-111.5333
1568,-111.8038,-111.8038
1569,-77.36115,-77.36115
1570,-79.77946,-79.77946
1571,-80.82856,-80.82856
1572,-78.53718,-78.53718
1573,-80.38748,-80.38748
1574,-81.09017,-81.09017
1575,-80.13276,-80.13276
1576,-76.6658,-76.6658
1577,-77.97089,-77.97089
1578,-78.55758,-78.55758
1579,-79.052,-79.052
1580,-79.82829,-79.82829
1581,-77.6257,-77.6257
1582,-80.98215,-80.98215
1583,-79.57,-79.57
1584,-80.5378,-80.5378
1585,-77.23238,-77.23238
1586,-80.48,-80.48
1587,-78.33453,-78.33453
1588,-77.90815,-77.90815
1589,-78.6205,-78.6205
1590,-77.34673,-77.34673
1591,-79.36079,-79.36079
1592,-77.67422,-77.67422
1593,-81.48593,-81.48593
1594,-77.354,-77.354
1595,-78.20517,-78.20517
1596,-78.48832,-78.48832
1597,-79.55045,-79.55045
1598,-80.6585,-80.6585
1599,-80.3755,-80.3755
1600,-72.7051,-72.7051
1601,-122.6228,-122.6228
1602,-121.2802,-121.2802
1603,-122.3003,-122.3003
1604,-121.5478,-121.5478
1605,-117.7619,-117.7619
1606,-124.7312,-124.7312
1607,-122.4089,-122.4089
1608,-117.9458,-117.9458
1609,-117.9592,-117.9592
1610,-123.1175,-123.1175
1611,-122.9179,-122.9179
1612,-123.3893,-123.3893
1613,-121.4142,-121.4142
1614,-123.5894,-123.5894
1615,-123.8886,-123.8886
1616,-121.5708,-121.5708
1617,-122.0111,-122.0111
1618,-123.8793,-123.8793
1619,-123.3769,-123.3769
1620,-117.8106,-117.8106
1621,-123.8792,-123.8792
1622,-123.4822,-123.4822
1623,-121.9258,-121.9258
1624,-122.1806,-122.1806
1625,-121.7713,-121.7713
1626,-122.3454,-122.3454
1627,-122.7063,-122.7063
1628,-121.2303,-121.2303
1629,-123.0966,-123.0966
1630,-123.3261,-123.3261
1631,-121.9572,-121.9572
1632,-122.8858,-122.8858
1633,-117.4214,-117.4214
1634,-117.4161,-117.4161
1635,-117.3347,-117.3347
1636,-122.6869,-122.6869
1637,-121.4642,-121.4642
1638,-122.782,-122.782
1639,-122.6869,-122.6869
1640,-122.1767,-122.1767
1641,-121.4642,-121.4642
1642,-122.2778,-122.2778
1643,-122.0144,-122.0144
1644,-122.1379,-122.1379
1645,-122.2083,-122.2083
1646,-122.1572,-122.1572
1647,-122.0194,-122.0194
1648,-122.2375,-122.2375
1649,-121.9425,-121.9425
1650,-122.0958,-122.0958
1651,-121.3819,-121.3819
1652,-122.0447,-122.0447
1653,-121.6647,-121.6647
1654,-122.4133,-122.4133
1655,-122.7669,-122.7669
1656,-122.1694,-122.1694
1657,-120.6694,-120.6694
1658,-121.0939,-121.0939
1659,-120.8681,-120.8681
1660,-121.7753,-121.7753
1661,-121.6769,-121.6769
1662,-123.82,-123.82
1663,-122.1852,-122.1852
1664,-122.1833,-122.1833
1665,-122.1656,-122.1656
1666,-122.2963,-122.2963
1667,-122.2739,-122.2739
1668,-122.2739,-122.2739
1669,-122.2988,-122.2988
1670,-122.2825,-122.2825
1671,-121.7692,-121.7692
1672,-120.1211,-120.1211
1673,-119.3172,-119.3172
1674,-122.4369,-122.4369
1675,-121.3314,-121.3314
1676,-120.2955,-120.2955
1677,-118.0711,-118.0711
1678,-118.0519,-118.0519
1679,-122.382,-122.382
1680,-123.6288,-123.6288
1681,-119.7084,-119.7084
1682,-122.5322,-122.5322
1683,-121.3055,-121.3055
1684,-121.2543,-121.2543
1685,-121.2309,-121.2309
1686,-121.5863,-121.5863
1687,-122.69,-122.69
1688,-122.1652,-122.1652
1689,-121.51,-121.51
1690,-121.6738,-121.6738
1691,-122.4988,-122.4988
1692,-121.9008,-121.9008
1693,-123.1875,-123.1875
1694,-122.5855,-122.5855
1695,-122.1983,-122.1983
1696,-121.5344,-121.5344
1697,-121.3114,-121.3114
1698,-122.9627,-122.9627
1699,-121.9063,-121.9063
1700,-122.028,-122.028
1701,-121.745,-121.745
1702,-121.9658,-121.9658
1703,-122.4275,-122.4275
1704,-123.2135,-123.2135
1705,-121.6279,-121.6279
1706,-121.5867,-121.5867
1707,-121.5863,-121.5863
1708,-120.9855,-120.9855
1709,-122.2156,-122.2156
1710,-123.5439,-123.5439
1711,-117.2776,-117.2776
1712,-122.7919,-122.7919
1713,-120.4474,-120.4474
1714,-123.6081,-123.6081
1715,-122.3985,-122.3985
1716,-123.8763,-123.8763
1717,-121.0909,-121.0909
1718,-123.2022,-123.2022
1719,-121.6352,-121.6352
1720,-122.8294,-122.8294
1721,-117.9793,-117.9793
1722,-122.5344,-122.5344
1723,-124.072,-124.072
1724,-122.2187,-122.2187
1725,-121.9256,-121.9256
1726,-122.4076,-122.4076
1727,-121.8943,-121.8943
1728,-122.2356,-122.2356
1729,-122.4078,-122.4078
1730,-121.95,-121.95
1731,-117.3606,-117.3606
1732,-121.5287,-121.5287
1733,-121.6009,-121.6009
1734,-122.2917,-122.2917
1735,-120.0745,-120.0745
1736,-122.54,-122.54
1737,-122.8833,-122.8833
1738,-123.8161,-123.8161
1739,-121.8668,-121.8668
1740,-122.2339,-122.2339
1741,-122.3055,-122.3055
1742,-123.9718,-123.9718
1743,-121.9749,-121.9749
1744,-120.7772,-120.7772
1745,-122.4966,-122.4966
1746,-119.187,-119.187
1747,-122.3076,-122.3076
1748,-122.3219,-122.3219
1749,-122.0282,-122.0282
1750,-119.7085,-119.7085
1751,-122.645,-122.645
1752,-123.3749,-123.3749
1753,-123.2902,-123.2902
1754,-120.6599,-120.6599
1755,-122.3045,-122.3045
1756,-121.5763,-121.5763
1757,-123.2182,-123.2182
1758,-123.1742,-123.1742
1759,-122.1183,-122.1183
1760,-122.3234,-122.3234
1761,-123.8343,-123.8343
1762,-122.1979,-122.1979
1763,-121.7666,-121.7666
1764,-123.8165,-123.8165
1765,-121.6548,-121.6548
1766,-121.25,-121.25
1767,-123.7727,-123.7727
1768,-121.9418,-121.9418
1769,-121.1859,-121.1859
1770,-122.3431,-122.3431
1771,-121.7427,-121.7427
1772,-122.2719,-122.2719
1773,-122.3898,-122.3898
1774,-122.215,-122.215
1775,-121.6962,-121.6962
1776,-122.2214,-122.2214
1777,-121.5298,-121.5298
1778,-122.4331,-122.4331
1779,-122.7746,-122.7746
1780,-121.6314,-121.6314
1781,-123.3678,-123.3678
1782,-122.5958,-122.5958
1783,-122.2638,-122.2638
1784,-122.7515,-122.7515
1785,-121.4813,-121.4813
1786,-121.6708,-121.6708
1787,-122.202,-122.202
1788,-123.7194,-123.7194
1789,-122.4212,-122.4212
1790,-121.429,-121.429
1791,-122.5368,-122.5368
1792,-122.2763,-122.2763
1793,-122.1375,-122.1375
1794,-122.911,-122.911
1795,-122.528,-122.528
1796,-121.9883,-121.9883
1797,-122.3482,-122.3482
1798,-124.0556,-124.0556
1799,-121.9995,-121.9995
1800,-121.8135,-121.8135
1801,-121.9557,-121.9557
1802,-120.9783,-120.9783
1803,-123.3212,-123.3212
1804,-119.8345,-119.8345
1805,-122.741,-122.741
1806,-122.4428,-122.4428
1807,-120.8206,-120.8206
1808,-121.0161,-121.0161
1809,-88.51969,-88.51969
1810,-91.71295,-91.71295
1811,-90.0411,-90.0411
1812,-89.6965,-89.6965
1813,-88.16359,-88.16359
1814,-90.51659,-90.51659
1815,-89.67523,-89.67523
1816,-88.7829,-88.7829
1817,-90.51145,-90.51145
1818,-89.16425,-89.16425
1819,-90.444,-90.444
1820,-92.4573,-92.4573
1821,-90.7221,-90.7221
1822,-89.9905,-89.9905
1823,-91.3171,-91.3171
1824,-91.49319,-91.49319
1825,-90.42001,-90.42001
1826,-87.73608,-87.73608
1827,-92.03925,-92.03925
1828,-88.03413,-88.03413
1829,-90.43515,-90.43515
1830,-87.9604,-87.9604
1831,-91.59938,-91.59938
1832,-89.08323,-89.08323
1833,-89.3179,-89.3179
1834,-87.6779,-87.6779
1835,-88.0896,-88.0896
1836,-80.37878,-80.37878
1837,-80.11329,-80.11329
1838,-79.3434,-79.3434
1839,-79.42547,-79.42547
1840,-82.59822,-82.59822
1841,-80.60419,-80.60419
1842,-81.16211,-81.16211
1843,-79.43762,-79.43762
1844,-80.68192,-80.68192
1845,-81.85806,-81.85806
1846,-80.7582,-80.7582
1847,-80.03149,-80.03149
1848,-81.29745,-81.29745
1849,-77.9407,-77.9407
1850,-79.5375,-79.5375
1851,-81.70641,-81.70641
1852,-82.59348,-82.59348
1853,-78.49429,-78.49429
1854,-79.95418,-79.95418
1855,-81.1271,-81.1271
1856,-80.01335,-80.01335
1857,-79.3762,-79.3762
1858,-80.51374,-80.51374
1859,-79.3686,-79.3686
1860,-79.47325,-79.47325
1861,-79.4016,-79.4016
1862,-80.64685,-80.64685
1863,-78.94501,-78.94501
1864,-81.5722,-81.5722
1865,-81.095,-81.095
1866,-79.01405,-79.01405
1867,-80.9075,-80.9075
1868,-80.3616,-80.3616
1869,-80.17,-80.17
1870,-81.68124,-81.68124
1871,-79625.0,-79625.0
1872,-79.4593,-79.4593
1873,-82.28279,-82.28279
1874,-80.71875,-80.71875
1875,-80.23375,-80.23375
1876,-80.27,-80.27
1877,-80.1177,-80.1177
1878,-81.4625,-81.4625
1879,-81.08506,-81.08506
1880,-82.43855,-82.43855
1881,-80.6754,-80.6754
1882,-79.55928,-79.55928
1883,-79.1347,-79.1347
1884,-80.6385,-80.6385
1885,-110.0042,-110.0042
1886,-109.7935,-109.7935
1887,-109.6824,-109.6824
1888,-109.5113,-109.5113
1889,-110.4165,-110.4165
1890,-110.4165,-110.4165
1891,-110.5,-110.5
1892,-111.05,-111.05
1893,-110.5,-110.5
1894,-108.9245,-108.9245
1895,-156.75,-156.75
1896,-149.7667,-149.7667
1897,-132.7333,-132.7333
1898,-155.981,-155.981
1899,-142.7691,-142.7691
1900,-85.57415,-85.57415
1901,-85.8175,-85.8175
1902,-86.5653,-86.5653
1903,-86.255,-86.255
1904,-86.00004,-86.00004
1905,-86.2952,-86.2952
1906,-85.925,-85.925
1907,-86.97057,-86.97057
1908,-87.29,-87.29
1909,-88.34223,-88.34223
1910,-85.2222,-85.2222
1911,-85.21545,-85.21545
1912,-86.86,-86.86
1913,-85.7075,-85.7075
1914,-85.87055,-85.87055
1915,-87.5047,-87.5047
1916,-86.59747,-86.59747
1917,-87.95277,-87.95277
1918,-85.61766,-85.61766
1919,-87.28992,-87.28992
1920,-85.79889,-85.79889
1921,-85.86473,-85.86473
1922,-85.49103,-85.49103
1923,-87.3775,-87.3775
1924,-87.56807,-87.56807
1925,-85.08995,-85.08995
1926,-85.7894,-85.7894
1927,-92.25139,-92.25139
1928,-90.18444,-90.18444
1929,-93.8417,-93.8417
1930,-94.07806,-94.07806
1931,-93.76,-93.76
1932,-92.70348,-92.70348
1933,-92.58,-92.58
1934,-92.943,-92.943
1935,-93.23111,-93.23111
1936,-92.55472,-92.55472
1937,-92.44583,-92.44583
1938,-93.94389,-93.94389
1939,-94.0679,-94.0679
1940,-91.97,-91.97
1941,-93.17056,-93.17056
1942,-91.51528,-91.51528
1943,-90.95902,-90.95902
1944,-93.45042,-93.45042
1945,-93.42848,-93.42848
1946,-94.09966,-94.09966
1947,-92.22704,-92.22704
1948,-94.3457,-94.3457
1949,-91.48295,-91.48295
1950,-92.30753,-92.30753
1951,-110.9986,-110.9986
1952,-111.5228,-111.5228
1953,-110.175,-110.175
1954,-111.6259,-111.6259
1955,-109.355,-109.355
1956,-109.155,-109.155
1957,-111.8907,-111.8907
1958,-110.9583,-110.9583
1959,-109.14,-109.14
1960,-112.05,-112.05
1961,-112.0,-112.0
1962,-111.08,-111.08
1963,-111.7,-111.7
1964,-112.19,-112.19
1965,-111.375,-111.375
1966,-110.98,-110.98
1967,-110.9725,-110.9725
1968,-111.675,-111.675
1969,-110.0632,-110.0632
1970,-111.4925,-111.4925
1971,-111.4,-111.4
1972,-111.7101,-111.7101
1973,-110.177,-110.177
1974,-110.925,-110.925
1975,-112.0934,-112.0934
1976,-112.53,-112.53
1977,-109.9643,-109.9643
1978,-110.4829,-110.4829
1979,-109.11,-109.11
1980,-113.46,-113.46
1981,-110.85,-110.85
1982,-112.24,-112.24
1983,-111.375,-111.375
1984,-111.0946,-111.0946
1985,-109.9134,-109.9134
1986,-109.9648,-109.9648
1987,-110.5712,-110.5712
1988,-109.5601,-109.5601
1989,-109.7452,-109.7452
1990,-111.7099,-111.7099
1991,-111.7141,-111.7141
1992,-120.3292,-120.3292
1993,-123.9,-123.9
1994,-119.7111,-119.7111
1995,-120.8275,-120.8275
1996,-120.7053,-120.7053
1997,-119.9997,-119.9997
1998,-118.4244,-118.4244
1999,-119.2386,-119.2386
2000,-123.793,-123.793
2001,-119.984,-119.984
2002,-119.7275,-119.7275
2003,-119.9811,-119.9811
2004,-119.7489,-119.7489
2005,-121.0158,-121.0158
2006,-120.5414,-120.5414
2007,-120.0522,-120.0522
2008,-120.0522,-120.0522
2009,-120.0083,-120.0083
2010,-120.8169,-120.8169
2011,-120.0508,-120.0508
2012,-121.8881,-121.8881
2013,-119.9811,-119.9811
2014,-124.0644,-124.0644
2015,-118.9592,-118.9592
2016,-120.2867,-120.2867
2017,-120.1039,-120.1039
2018,-120.2667,-120.2667
2019,-119.0736,-119.0736
2020,-118.6744,-118.6744
2021,-120.6672,-120.6672
2022,-119.0139,-119.0139
2023,-121.0803,-121.0803
2024,-122.3906,-122.3906
2025,-120.0914,-120.0914
2026,-120.0914,-120.0914
2027,-123.7481,-123.7481
2028,-120.0397,-120.0397
2029,-121.7314,-121.7314
2030,-120.1547,-120.1547
2031,-119.9924,-119.9924
2032,-121.015,-121.015
2033,-123.8042,-123.8042
2034,-118.5272,-118.5272
2035,-121.2733,-121.2733
2036,-118.9689,-118.9689
2037,-119.4275,-119.4275
2038,-120.0389,-120.0389
2039,-123.6283,-123.6283
2040,-118.6078,-118.6078
2041,-116.7078,-116.7078
2042,-124.2006,-124.2006
2043,-118.3356,-118.3356
2044,-119.235,-119.235
2045,-120.3689,-120.3689
2046,-119.7519,-119.7519
2047,-123.1778,-123.1778
2048,-119.8208,-119.8208
2049,-120.2392,-120.2392
2050,-120.2603,-120.2603
2051,-123.2208,-123.2208
2052,-118.5821,-118.5821
2053,-120.5856,-120.5856
2054,-118.6092,-118.6092
2055,-123.4908,-123.4908
2056,-123.24,-123.24
2057,-119.8609,-119.8609
2058,-122.6986,-122.6986
2059,-121.42,-121.42
2060,-120.2636,-120.2636
2061,-120.4683,-120.4683
2062,-119.8208,-119.8208
2063,-120.8294,-120.8294
2064,-123.6581,-123.6581
2065,-119.8792,-119.8792
2066,-122.8719,-122.8719
2067,-120.8983,-120.8983
2068,-122.6361,-122.6361
2069,-122.33,-122.33
2070,-120.3536,-120.3536
2071,-124.0586,-124.0586
2072,-120.0047,-120.0047
2073,-122.585,-122.585
2074,-120.5619,-120.5619
2075,-123.115,-123.115
2076,-121.675,-121.675
2077,-118.9656,-118.9656
2078,-121.4822,-121.4822
2079,-120.5264,-120.5264
2080,-121.5027,-121.5027
2081,-122.7,-122.7
2082,-120.0491,-120.0491
2083,-123.15,-123.15
2084,-119.4626,-119.4626
2085,-118.5347,-118.5347
2086,-123.7,-123.7
2087,-120.0969,-120.0969
2088,-120.5764,-120.5764
2089,-118.9614,-118.9614
2090,-118.1729,-118.1729
2091,-120.6049,-120.6049
2092,-119.9501,-119.9501
2093,-118.9591,-118.9591
2094,-120.0023,-120.0023
2095,-120.0833,-120.0833
2096,-123.6667,-123.6667
2097,-121.9167,-121.9167
2098,-119.54,-119.54
2099,-123.375,-123.375
2100,-122.1675,-122.1675
2101,-118.225,-118.225
2102,-117.8333,-117.8333
2103,-120.7413,-120.7413
2104,-120.914,-120.914
2105,-120.1862,-120.1862
2106,-120.1666,-120.1666
2107,-122.2333,-122.2333
2108,-124.2,-124.2
2109,-123.4439,-123.4439
2110,-119.801,-119.801
2111,-120.4187,-120.4187
2112,-121.845,-121.845
2113,-120.245,-120.245
2114,-118.9386,-118.9386
2115,-118.8741,-118.8741
2116,-120.0416,-120.0416
2117,-118.1666,-118.1666
2118,-119.0,-119.0
2119,-119.2481,-119.2481
2120,-120.0825,-120.0825
2121,-118.3743,-118.3743
2122,-121.0479,-121.0479
2123,-123.292,-123.292
2124,-117.9667,-117.9667
2125,-118.2084,-118.2084
2126,-118.5333,-118.5333
2127,-119.864,-119.864
2128,-124.0101,-124.0101
2129,-120.0397,-120.0397
2130,-116.7,-116.7
2131,-120.125,-120.125
2132,-117.0416,-117.0416
2133,-119.2167,-119.2167
2134,-118.3804,-118.3804
2135,-118.375,-118.375
2136,-124.1417,-124.1417
2137,-118.625,-118.625
2138,-120.0459,-120.0459
2139,-116.6329,-116.6329
2140,-122.6417,-122.6417
2141,-116.7944,-116.7944
2142,-122.7,-122.7
2143,-118.4538,-118.4538
2144,-118.3302,-118.3302
2145,-119.118,-119.118
2146,-122.553,-122.553
2147,-118.6331,-118.6331
2148,-120.4036,-120.4036
2149,-117.1776,-117.1776
2150,-119.9,-119.9
2151,-112.6921,-112.6921
2152,-119.2044,-119.2044
2153,-119.152,-119.152
2154,-112.76,-112.76
2155,-112.9413,-112.9413
2156,-113.4698,-113.4698
2157,-114.7982,-114.7982
2158,-115.0964,-115.0964
2159,-117.18,-117.18
2160,-114.7861,-114.7861
2161,-117.7728,-117.7728
2162,-115.0944,-115.0944
2163,-115.09,-115.09
2164,-116.3651,-116.3651
2165,-125.2581,-125.2581
2166,-125.1676,-125.1676
2167,-116.1386,-116.1386
2168,-120.105,-120.105
2169,-124.2721,-124.2721
2170,-121.8,-121.8
2171,-125.5634,-125.5634
2172,-117.0654,-117.0654
2173,-121.85,-121.85
2174,-120.1173,-120.1173
2175,-122.5,-122.5
2176,-119.7497,-119.7497
2177,-116.96,-116.96
2178,-119.0812,-119.0812
2179,-116.1654,-116.1654
2180,-122.7746,-122.7746
2181,-123.84,-123.84
2182,-121.6101,-121.6101
2183,-119.5143,-119.5143
2184,-118.7652,-118.7652
2185,-123.9035,-123.9035
2186,-120.966,-120.966
2187,-121.6064,-121.6064
2188,-119.0626,-119.0626
2189,-129.4015,-129.4015
2190,-122.3269,-122.3269
2191,-121.3222,-121.3222
2192,-119.5089,-119.5089
2193,-120.6502,-120.6502
2194,-125.4051,-125.4051
2195,-121.8785,-121.8785
2196,-123.8713,-123.8713
2197,-117.8775,-117.8775
2198,-122.2674,-122.2674
2199,-124.4165,-124.4165
2200,-121.589,-121.589
2201,-119.2018,-119.2018
2202,-125.4736,-125.4736
2203,-121.2607,-121.2607
2204,-121.6495,-121.6495
2205,-118.7952,-118.7952
2206,-118.8412,-118.8412
2207,-124.1526,-124.1526
2208,-124.1744,-124.1744
2209,-119.5504,-119.5504
2210,-127.1616,-127.1616
2211,-118.1976,-118.1976
2212,-121.323,-121.323
2213,-122.3104,-122.3104
2214,-124.8627,-124.8627
2215,-125.8811,-125.8811
2216,-124.7914,-124.7914
2217,-100.8188,-100.8188
2218,-95.33125,-95.33125
2219,-95.276,-95.276
2220,-95.41525,-95.41525
2221,-101.5205,-101.5205
2222,-100.069,-100.069
2223,-63.83683,-63.83683
2224,-63.84574,-63.84574
2225,-77.52356,-77.52356
2226,-88.60707,-88.60707
2227,-93.33372,-93.33372
2228,-79.40278,-79.40278
2229,-83.70184,-83.70184
2230,-75.98326,-75.98326
2231,-79.72499,-79.72499
2232,-76.06987,-76.06987
2233,-92.76801,-92.76801
2234,-78.90285,-78.90285
2235,-84.68153,-84.68153
2236,-84.71373,-84.71373
2237,-78.4529,-78.4529
2238,-78.93061,-78.93061
2239,-90.44405,-90.44405
2240,-80.60455,-80.60455
2241,-76.91354,-76.91354
2242,-89.30945,-89.30945
2243,-78.92731,-78.92731
2244,-91.41945,-91.41945
2245,-83.47763,-83.47763
2246,-89.2351,-89.2351
2247,-76.3948,-76.3948
2248,-76.43772,-76.43772
2249,-69.55,-69.55
2250,-76.601,-76.601
2251,-78.64526,-78.64526
2252,-76.85125,-76.85125
2253,-110.13,-110.13
2254,-106.0525,-106.0525
2255,-107.7171,-107.7171
2256,-105.8799,-105.8799
2257,-103.9236,-103.9236
2258,-136.2924,-136.2924
2259,-107.7,-107.7
2260,-106.3681,-106.3681
2261,-106.1143,-106.1143
2262,-105.4458,-105.4458
2263,-107.1771,-107.1771
2264,-105.4917,-105.4917
2265,-106.6035,-106.6035
2266,-106.3466,-106.3466
2267,-105.8226,-105.8226
2268,-105.1744,-105.1744
2269,-105.3812,-105.3812
2270,-107.575,-107.575
2271,-106.0417,-106.0417
2272,-105.0354,-105.0354
2273,-106.3625,-106.3625
2274,-106.171,-106.171
2275,-105.0138,-105.0138
2276,-107.9584,-107.9584
2277,-108.1292,-108.1292
2278,-107.4667,-107.4667
2279,-106.7084,-106.7084
2280,-105.0787,-105.0787
2281,-106.1215,-106.1215
2282,-107.4381,-107.4381
2283,-107.1971,-107.1971
2284,-106.7522,-106.7522
2285,-107.8708,-107.8708
2286,-106.7682,-106.7682
2287,-106.3325,-106.3325
2288,-108.1098,-108.1098
2289,-106.541,-106.541
2290,-106.6735,-106.6735
2291,-106.4745,-106.4745
2292,-106.4213,-106.4213
2293,-107.501,-107.501
2294,-105.275,-105.275
2295,-105.2869,-105.2869
2296,-105.047,-105.047
2297,-105.5728,-105.5728
2298,-105.9111,-105.9111
2299,-105.4147,-105.4147
2300,-72.46315,-72.46315
2301,-73.00099,-73.00099
2302,-73.35194,-73.35194
2303,-72.30142,-72.30142
2304,-71.95564,-71.95564
2305,-75.3793,-75.3793
2306,-75.36536,-75.36536
2307,-75.18375,-75.18375
2308,-82.75685,-82.75685
2309,-82.42065,-82.42065
2310,-82.03495,-82.03495
2311,-80.933,-80.933
2312,-81.31985,-81.31985
2313,-81.07385,-81.07385
2314,-81.59005,-81.59005
2315,-81.8642,-81.8642
2316,-80.5158,-80.5158
2317,-80.17845,-80.17845
2318,-80.86715,-80.86715
2319,-81.3142,-81.3142
2320,-81.95285,-81.95285
2321,-81.63025,-81.63025
2322,-85.4427,-85.4427
2323,-81.8768,-81.8768
2324,-81.39806,-81.39806
2325,-82.1426,-82.1426
2326,-82.58765,-82.58765
2327,-85.0681,-85.0681
2328,-82.20475,-82.20475
2329,-81.30249,-81.30249
2330,-81.6143,-81.6143
2331,-87.00008,-87.00008
2332,-81.8945,-81.8945
2333,-81.08198,-81.08198
2334,-81.45421,-81.45421
2335,-82.055,-82.055
2336,-81.4692,-81.4692
2337,-81.6455,-81.6455
2338,-85.64108,-85.64108
2339,-81.71505,-81.71505
2340,-80.96515,-80.96515
2341,-81.898,-81.898
2342,-81.649,-81.649
2343,-85.97701,-85.97701
2344,-81.3615,-81.3615
2345,-81.49433,-81.49433
2346,-81.8995,-81.8995
2347,-81.1498,-81.1498
2348,-81.5545,-81.5545
2349,-80.98849,-80.98849
2350,-81.58581,-81.58581
2351,-80.27977,-80.27977
2352,-82.391,-82.391
2353,-81.89438,-81.89438
2354,-82.124,-82.124
2355,-81.356,-81.356
2356,-81.0834,-81.0834
2357,-81.78879,-81.78879
2358,-81.8539,-81.8539
2359,-81.2521,-81.2521
2360,-82.87125,-82.87125
2361,-85.11039,-85.11039
2362,-81.90182,-81.90182
2363,-82.8436,-82.8436
2364,-82.11083,-82.11083
2365,-81.303,-81.303
2366,-81.45354,-81.45354
2367,-85.685,-85.685
2368,-82.38086,-82.38086
2369,-81.14076,-81.14076
2370,-80.87379,-80.87379
2371,-86.68372,-86.68372
2372,-81.9347,-81.9347
2373,-82.05391,-82.05391
2374,-86.65,-86.65
2375,-81.11927,-81.11927
2376,-81.8592,-81.8592
2377,-80.48412,-80.48412
2378,-82.28943,-82.28943
2379,-83.649,-83.649
2380,-81.8992,-81.8992
2381,-87.265,-87.265
2382,-82.0125,-82.0125
2383,-81.99105,-81.99105
2384,-81.80539,-81.80539
2385,-83.89289,-83.89289
2386,-82.20726,-82.20726
2387,-82.34611,-82.34611
2388,-82.92592,-82.92592
2389,-81.7624,-81.7624
2390,-81.43248,-81.43248
2391,-81.12167,-81.12167
2392,-82.61581,-82.61581
2393,-81.69245,-81.69245
2394,-83.48494,-83.48494
2395,-82.11937,-82.11937
2396,-82.96643,-82.96643
2397,-81.13924,-81.13924
2398,-81.3215,-81.3215
2399,-81.96517,-81.96517
2400,-81.78307,-81.78307
2401,-81.32394,-81.32394
2402,-81.00677,-81.00677
2403,-81.41444,-81.41444
2404,-81.23386,-81.23386
2405,-82.71979,-82.71979
2406,-82.44075,-82.44075
2407,-81.03185,-81.03185
2408,-80.94411,-80.94411
2409,-82.04508,-82.04508
2410,-80.31353,-80.31353
2411,-80.48021,-80.48021
2412,-81.97549,-81.97549
2413,-82.30699,-82.30699
2414,-81.35342,-81.35342
2415,-81.64948,-81.64948
2416,-81.4048,-81.4048
2417,-86.54302,-86.54302
2418,-81.03941,-81.03941
2419,-81.21989,-81.21989
2420,-81.87347,-81.87347
2421,-81.01299,-81.01299
2422,-81.95499,-81.95499
2423,-81.02086,-81.02086
2424,-82.35606,-82.35606
2425,-85.4937,-85.4937
2426,-81.7089,-81.7089
2427,-80.18501,-80.18501
2428,-80.79379,-80.79379
2429,-81.51359,-81.51359
2430,-81.55172,-81.55172
2431,-82.74918,-82.74918
2432,-85.8055,-85.8055
2433,-82.63696,-82.63696
2434,-84.68864,-84.68864
2435,-84.7038,-84.7038
2436,-84.6971,-84.6971
2437,-84.20175,-84.20175
2438,-84.43484,-84.43484
2439,-85.4034,-85.4034
2440,-84.57616,-84.57616
2441,-81.88995,-81.88995
2442,-82.13665,-82.13665
2443,-84.50055,-84.50055
2444,-85.3297,-85.3297
2445,-80.89485,-80.89485
2446,-85.39171,-85.39171
2447,-82.2464,-82.2464
2448,-83.8329,-83.8329
2449,-84.25755,-84.25755
2450,-85.34145,-85.34145
2451,-83.76585,-83.76585
2452,-84.80283,-84.80283
2453,-83.07575,-83.07575
2454,-83.77232,-83.77232
2455,-85.3582,-85.3582
2456,-82.77173,-82.77173
2457,-83.62215,-83.62215
2458,-83.59509,-83.59509
2459,-81.34159,-81.34159
2460,-85.15337,-85.15337
2461,-81.47213,-81.47213
2462,-84.6216,-84.6216
2463,-82.4975,-82.4975
2464,-85.10299,-85.10299
2465,-84.0354,-84.0354
2466,-83.78375,-83.78375
2467,-84.02254,-84.02254
2468,-83.18237,-83.18237
2469,-83.6746,-83.6746
2470,-84.79601,-84.79601
2471,-82.74675,-82.74675
2472,-84.78122,-84.78122
2473,-85.19659,-85.19659
2474,-83.57655,-83.57655
2475,-85.42266,-85.42266
2476,-84.79704,-84.79704
2477,-83.45181,-83.45181
2478,-84.16016,-84.16016
2479,-85.35133,-85.35133
2480,-82.24796,-82.24796
2481,-84.3453,-84.3453
2482,-84.60457,-84.60457
2483,-83.69681,-83.69681
2484,-85.01929,-85.01929
2485,-82.30919,-82.30919
2486,-96.01464,-96.01464
2487,-91.4261,-91.4261
2488,-94.3841,-94.3841
2489,-92.73979,-92.73979
2490,-96.47562,-96.47562
2491,-90.59601,-90.59601
2492,-91.75641,-91.75641
2493,-93.85965,-93.85965
2494,-90.55585,-90.55585
2495,-91.59415,-91.59415
2496,-92.06343,-92.06343
2497,-94.20245,-94.20245
2498,-91.57033,-91.57033
2499,-90.84215,-90.84215
2500,-95.12505,-95.12505
2501,-94.01338,-94.01338
2502,-91.17154,-91.17154
2503,-115.2088,-115.2088
2504,-113.8441,-113.8441
2505,-114.9221,-114.9221
2506,-112.6467,-112.6467
2507,-116.1842,-116.1842
2508,-116.322,-116.322
2509,-116.6079,-116.6079
2510,-115.3106,-115.3106
2511,-115.8405,-115.8405
2512,-114.655,-114.655
2513,-111.4418,-111.4418
2514,-116.0969,-116.0969
2515,-116.211,-116.211
2516,-116.71,-116.71
2517,-116.4873,-116.4873
2518,-111.5212,-111.5212
2519,-115.8596,-115.8596
2520,-89.952,-89.952
2521,-91.3883,-91.3883
2522,-88.3461,-88.3461
2523,-89.30435,-89.30435
2524,-89.1979,-89.1979
2525,-90.1498,-90.1498
2526,-87.97622,-87.97622
2527,-89.34285,-89.34285
2528,-88.53872,-88.53872
2529,-89.585,-89.585
2530,-90.1,-90.1
2531,-88.55,-88.55
2532,-88.50061,-88.50061
2533,-88.4375,-88.4375
2534,-88.9319,-88.9319
2535,-87.7424,-87.7424
2536,-88.9487,-88.9487
2537,-89.0,-89.0
2538,-89.4205,-89.4205
2539,-89.45728,-89.45728
2540,-88.65912,-88.65912
2541,-88.7476,-88.7476
2542,-88.09506,-88.09506
2543,-89.04518,-89.04518
2544,-89.80123,-89.80123
2545,-90.28404,-90.28404
2546,-89.41539,-89.41539
2547,-89.73378,-89.73378
2548,-89.56981,-89.56981
2549,-87.76622,-87.76622
2550,-89.95824,-89.95824
2551,-88.18031,-88.18031
2552,-89.99568,-89.99568
2553,-88.7584,-88.7584
2554,-88.62624,-88.62624
2555,-88.2886,-88.2886
2556,-89.68079,-89.68079
2557,-89.66525,-89.66525
2558,-88.01345,-88.01345
2559,-89.599,-89.599
2560,-87.76622,-87.76622
2561,-90.4049,-90.4049
2562,-90.0,-90.0
2563,-89.53419,-89.53419
2564,-90.14547,-90.14547
2565,-89.6845,-89.6845
2566,-90.6757,-90.6757
2567,-90.22054,-90.22054
2568,-87.80624,-87.80624
2569,-88.07554,-88.07554
2570,-89.03049,-89.03049
2571,-88.83003,-88.83003
2572,-87.86476,-87.86476
2573,-88.98228,-88.98228
2574,-88.50196,-88.50196
2575,-88.66103,-88.66103
2576,-90.19624,-90.19624
2577,-87.7313,-87.7313
2578,-89.61281,-89.61281
2579,-90.68208,-90.68208
2580,-87.75156,-87.75156
2581,-90.14547,-90.14547
2582,-89.15173,-89.15173
2583,-89.36896,-89.36896
2584,-89.38184,-89.38184
2585,-90.7771,-90.7771
2586,-89.65926,-89.65926
2587,-89.48825,-89.48825
2588,-90.78947,-90.78947
2589,-90.17844,-90.17844
2590,-87.5321,-87.5321
2591,-90.06338,-90.06338
2592,-90.53175,-90.53175
2593,-90.1173,-90.1173
2594,-87.90503,-87.90503
2595,-87.869,-87.869
2596,-87.79683,-87.79683
2597,-87.8617,-87.8617
2598,-90.0775,-90.0775
2599,-89.9758,-89.9758
2600,-88.47835,-88.47835
2601,-87.84415,-87.84415
2602,-87.7714,-87.7714
2603,-87.60555,-87.60555
2604,-89.7915,-89.7915
2605,-89.79143,-89.79143
2606,-87.62597,-87.62597
2607,-89.45454,-89.45454
2608,-89.87602,-89.87602
2609,-86.911,-86.911
2610,-86.23506,-86.23506
2611,-86.19055,-86.19055
2612,-86.05825,-86.05825
2613,-87.41805,-87.41805
2614,-85.5045,-85.5045
2615,-85.01295,-85.01295
2616,-85.84489,-85.84489
2617,-86.81714,-86.81714
2618,-86.93636,-86.93636
2619,-87.08955,-87.08955
2620,-87.0796,-87.0796
2621,-85.3149,-85.3149
2622,-85.57069,-85.57069
2623,-86.49139,-86.49139
2624,-85.95914,-85.95914
2625,-86.38894,-86.38894
2626,-86.4324,-86.4324
2627,-85.57882,-85.57882
2628,-86.3356,-86.3356
2629,-95.35479,-95.35479
2630,-98.12825,-98.12825
2631,-97.424,-97.424
2632,-94.97862,-94.97862
2633,-94.7844,-94.7844
2634,-94.9,-94.9
2635,-95.488,-95.488
2636,-95.74633,-95.74633
2637,-95.70296,-95.70296
2638,-97.58336,-97.58336
2639,-96.35309,-96.35309
2640,-97.56253,-97.56253
2641,-97.56185,-97.56185
2642,-94.4955,-94.4955
2643,-94.477,-94.477
2644,-87.40585,-87.40585
2645,-82.89059,-82.89059
2646,-85.89175,-85.89175
2647,-82.643,-82.643
2648,-83.49205,-83.49205
2649,-85.26247,-85.26247
2650,-82.353,-82.353
2651,-86.0163,-86.0163
2652,-83.21735,-83.21735
2653,-86.1358,-86.1358
2654,-85.359,-85.359
2655,-82.70584,-82.70584
2656,-86.1425,-86.1425
2657,-85.67188,-85.67188
2658,-83.69043,-83.69043
2659,-83.16293,-83.16293
2660,-82.81679,-82.81679
2661,-85.00044,-85.00044
2662,-83.79678,-83.79678
2663,-87.64487,-87.64487
2664,-82.74595,-82.74595
2665,-82.70393,-82.70393
2666,-82.89404,-82.89404
2667,-82.13403,-82.13403
2668,-82.44214,-82.44214
2669,-84.0821,-84.0821
2670,-83.41575,-83.41575
2671,-86.35931,-86.35931
2672,-85.03827,-85.03827
2673,-85.03827,-85.03827
2674,-84.63702,-84.63702
2675,-86.5549,-86.5549
2676,-84.23711,-84.23711
2677,-84.20422,-84.20422
2678,-82.5446,-82.5446
2679,-83.46014,-83.46014
2680,-92.64896,-92.64896
2681,-93.4386,-93.4386
2682,-91.0955,-91.0955
2683,-90.6763,-90.6763
2684,-93.36627,-93.36627
2685,-91.84467,-91.84467
2686,-89.81163,-89.81163
2687,-92.28034,-92.28034
2688,-70.97559,-70.97559
2689,-70.48792,-70.48792
2690,-70.75587,-70.75587
2691,-70.97708,-70.97708
2692,-70.89049,-70.89049
2693,-71.80123,-71.80123
2694,-72.82665,-72.82665
2695,-72.89154,-72.89154
2696,-72.91994,-72.91994
2697,-73.16418,-73.16418
2698,-70.95207,-70.95207
2699,-36588780.0,-36588780.0
2700,-73.47686,-73.47686
2701,-73.16617,-73.16617
2702,-73.38644,-73.38644
2703,-76.53862,-76.53862
2704,-77.4608,-77.4608
2705,-76.54514,-76.54514
2706,-76.811,-76.811
2707,-75.80465,-75.80465
2708,-78.32549,-78.32549
2709,-76.6691,-76.6691
2710,-77.2948,-77.2948
2711,-68.8405,-68.8405
2712,-85.38834,-85.38834
2713,-83.59014,-83.59014
2714,-88.16361,-88.16361
2715,-85.49639,-85.49639
2716,-89.31389,-89.31389
2717,-86.81917,-86.81917
2718,-84.4587,-84.4587
2719,-83.51418,-83.51418
2720,-86.075,-86.075
2721,-86.5153,-86.5153
2722,-84.47611,-84.47611
2723,-83.55718,-83.55718
2724,-83.86097,-83.86097
2725,-85.27652,-85.27652
2726,-85.77714,-85.77714
2727,-84.20835,-84.20835
2728,-84.16389,-84.16389
2729,-86.09081,-86.09081
2730,-85.93575,-85.93575
2731,-87.3459,-87.3459
2732,-86.0221,-86.0221
2733,-86.42896,-86.42896
2734,-85.95915,-85.95915
2735,-87.5034,-87.5034
2736,-86.5367,-86.5367
2737,-86.611,-86.611
2738,-88.7751,-88.7751
2739,-85.84005,-85.84005
2740,-83.78585,-83.78585
2741,-85.23538,-85.23538
2742,-83.67,-83.67
2743,-85.6667,-85.6667
2744,-85.99374,-85.99374
2745,-85.63835,-85.63835
2746,-83.62335,-83.62335
2747,-84.00156,-84.00156
2748,-84.2915,-84.2915
2749,-85.79052,-85.79052
2750,-86.97,-86.97
2751,-85.2515,-85.2515
2752,-88.45181,-88.45181
2753,-83.84937,-83.84937
2754,-86.10335,-86.10335
2755,-83.5175,-83.5175
2756,-84.4445,-84.4445
2757,-86.353,-86.353
2758,-85.30701,-85.30701
2759,-84.41335,-84.41335
2760,-85.433,-85.433
2761,-86.376,-86.376
2762,-83.95399,-83.95399
2763,-83.9205,-83.9205
2764,-85.293,-85.293
2765,-85.5995,-85.5995
2766,-86.36,-86.36
2767,-83.3595,-83.3595
2768,-84.94099,-84.94099
2769,-84.4995,-84.4995
2770,-86.29,-86.29
2771,-86.11156,-86.11156
2772,-84.30746,-84.30746
2773,-84.5914,-84.5914
2774,-85.44922,-85.44922
2775,-84.10373,-84.10373
2776,-84.01165,-84.01165
2777,-84.50999,-84.50999
2778,-83.61314,-83.61314
2779,-85.72845,-85.72845
2780,-85.68,-85.68
2781,-87.326,-87.326
2782,-85.9222,-85.9222
2783,-84.21035,-84.21035
2784,-87.09378,-87.09378
2785,-89.5,-89.5
2786,-84.53098,-84.53098
2787,-84.53609,-84.53609
2788,-87.05026,-87.05026
2789,-87.87157,-87.87157
2790,-81.52805,-81.52805
2791,-83.88607,-83.88607
2792,-86.325,-86.325
2793,-92.49979,-92.49979
2794,-95.0168,-95.0168
2795,-94.57375,-94.57375
2796,-94.1211,-94.1211
2797,-93.9137,-93.9137
2798,-92.83521,-92.83521
2799,-90.58915,-90.58915
2800,-92.84309,-92.84309
2801,-96.28425,-96.28425
2802,-94.83755,-94.83755
2803,-94.80162,-94.80162
2804,-94.87069,-94.87069
2805,-92.88618,-92.88618
2806,-92.6349,-92.6349
2807,-92.12065,-92.12065
2808,-93.28008,-93.28008
2809,-93.81888,-93.81888
2810,-92.2895,-92.2895
2811,-93.75745,-93.75745
2812,-94.68516,-94.68516
2813,-92.296,-92.296
2814,-96.0073,-96.0073
2815,-90.0545,-90.0545
2816,-94.41713,-94.41713
2817,-95.05023,-95.05023
2818,-92.75357,-92.75357
2819,-94.07877,-94.07877
2820,-94.88525,-94.88525
2821,-93.31413,-93.31413
2822,-94.2633,-94.2633
2823,-91.6284,-91.6284
2824,-93.91737,-93.91737
2825,-91.419,-91.419
2826,-90.2488,-90.2488
2827,-93.41,-93.41
2828,-93.5395,-93.5395
2829,-91.07,-91.07
2830,-91.985,-91.985
2831,-92.1527,-92.1527
2832,-93.51,-93.51
2833,-91.1569,-91.1569
2834,-90.7212,-90.7212
2835,-91.41383,-91.41383
2836,-90.50072,-90.50072
2837,-94.286,-94.286
2838,-93.25712,-93.25712
2839,-94.47345,-94.47345
2840,-91.30804,-91.30804
2841,-90.7,-90.7
2842,-91.64719,-91.64719
2843,-94868400.0,-94868400.0
2844,-93.73122,-93.73122
2845,-93.1073,-93.1073
2846,-93.6383,-93.6383
2847,-94.2319,-94.2319
2848,-90.86792,-90.86792
2849,-90.7357,-90.7357
2850,-92.31901,-92.31901
2851,-90.21339,-90.21339
2852,-92.1426,-92.1426
2853,-90.52135,-90.52135
2854,-91.06547,-91.06547
2855,-95.32129,-95.32129
2856,-92.22327,-92.22327
2857,-94.2908,-94.2908
2858,-92.2428,-92.2428
2859,-94.10855,-94.10855
2860,-94.60359,-94.60359
2861,-94.32079,-94.32079
2862,-94.1927,-94.1927
2863,-92.5415,-92.5415
2864,-93.86594,-93.86594
2865,-90.55145,-90.55145
2866,-93.64312,-93.64312
2867,-91.33569,-91.33569
2868,-90.89388,-90.89388
2869,-92.79309,-92.79309
2870,-91.42575,-91.42575
2871,-94.30658,-94.30658
2872,-93.3945,-93.3945
2873,-88.72985,-88.72985
2874,-89.6918,-89.6918
2875,-88.65135,-88.65135
2876,-88.68893,-88.68893
2877,-88.26655,-88.26655
2878,-112.5649,-112.5649
2879,-113.6925,-113.6925
2880,-111.9625,-111.9625
2881,-112.571,-112.571
2882,-115.6418,-115.6418
2883,-114.08,-114.08
2884,-113.82,-113.82
2885,-113.7593,-113.7593
2886,-111.563,-111.563
2887,-113.1424,-113.1424
2888,-109.5528,-109.5528
2889,-114.0725,-114.0725
2890,-144.0265,-144.0265
2891,-111.2644,-111.2644
2892,-113.5911,-113.5911
2893,-110.6268,-110.6268
2894,-111.3637,-111.3637
2895,-81.98335,-81.98335
2896,-82.4831,-82.4831
2897,-81.38915,-81.38915
2898,-81.80479,-81.80479
2899,-81.7418,-81.7418
2900,-77.5873,-77.5873
2901,-77.7485,-77.7485
2902,-83.5214,-83.5214
2903,-82.26195,-82.26195
2904,-83.5582,-83.5582
2905,-77.67995,-77.67995
2906,-78.968,-78.968
2907,-82.4614,-82.4614
2908,-80.46865,-80.46865
2909,-83.007,-83.007
2910,-83.26097,-83.26097
2911,-80.66,-80.66
2912,-83.23206,-83.23206
2913,-80.2068,-80.2068
2914,-81.402,-81.402
2915,-79.11128,-79.11128
2916,-80.2084,-80.2084
2917,-80.375,-80.375
2918,-81.56219,-81.56219
2919,-79.88049,-79.88049
2920,-80.03551,-80.03551
2921,-81.95195,-81.95195
2922,-82.87408,-82.87408
2923,-77.10508,-77.10508
2924,-80.69763,-80.69763
2925,-81.77603,-81.77603
2926,-79.75537,-79.75537
2927,-81.20877,-81.20877
2928,-80.01653,-80.01653
2929,-83.52959,-83.52959
2930,-80.00272,-80.00272
2931,-80.08778,-80.08778
2932,-102.7291,-102.7291
2933,-96.42668,-96.42668
2934,-103.018,-103.018
2935,-96.46025,-96.46025
2936,-103.0044,-103.0044
2937,-97.13196,-97.13196
2938,-71.46778,-71.46778
2939,-70.93333,-70.93333
2940,-71.35414,-71.35414
2941,-71.1794,-71.1794
2942,-74.6298,-74.6298
2943,-74.2975,-74.2975
2944,-75.11044,-75.11044
2945,-75.5167,-75.5167
2946,-74.70135,-74.70135
2947,-74.3966,-74.3966
2948,-74.29085,-74.29085
2949,-74.45995,-74.45995
2950,-74.3516,-74.3516
2951,-74.84528,-74.84528
2952,-74.46155,-74.46155
2953,-74.78004,-74.78004
2954,-74.1301,-74.1301
2955,-74.49518,-74.49518
2956,-74.68832,-74.68832
2957,-74.15562,-74.15562
2958,-74.52625,-74.52625
2959,-74.6854,-74.6854
2960,-74.53293,-74.53293
2961,-74.55341,-74.55341
2962,-74.64189,-74.64189
2963,-74.68758,-74.68758
2964,-74.79077,-74.79077
2965,-74.69759,-74.69759
2966,-105.4113,-105.4113
2967,-105.7197,-105.7197
2968,-106.9958,-106.9958
2969,-106.9547,-106.9547
2970,-108.8548,-108.8548
2971,-106.9571,-106.9571
2972,-109.0612,-109.0612
2973,-105.5596,-105.5596
2974,-107.1612,-107.1612
2975,-105.7338,-105.7338
2976,-119.975,-119.975
2977,-119.6665,-119.6665
2978,-118.1806,-118.1806
2979,-74.0863,-74.0863
2980,-74.75611,-74.75611
2981,-76.17366,-76.17366
2982,-78.1946,-78.1946
2983,-77.664,-77.664
2984,-78.28014,-78.28014
2985,-73.66616,-73.66616
2986,-73.8094,-73.8094
2987,-73.73606,-73.73606
2988,-75.38025,-75.38025
2989,-73.91649,-73.91649
2990,-74.00528,-74.00528
2991,-73.45947,-73.45947
2992,-73.51238,-73.51238
2993,-73.56614,-73.56614
2994,-73.741,-73.741
2995,-77.36516,-77.36516
2996,-73.52,-73.52
2997,-75.57448,-75.57448
2998,-74.27923,-74.27923
2999,-73.64642,-73.64642
3000,-75.58825,-75.58825
3001,-74.47383,-74.47383
3002,-73.81,-73.81
3003,-75.73906,-75.73906
3004,-74.11488,-74.11488
3005,-77.98756,-77.98756
3006,-74.15429,-74.15429
3007,-84.1735,-84.1735
3008,-81.11578,-81.11578
3009,-83.64597,-83.64597
3010,-81.39827,-81.39827
3011,-83.93892,-83.93892
3012,-83.40573,-83.40573
3013,-82.24155,-82.24155
3014,-82.1334,-82.1334
3015,-81.96845,-81.96845
3016,-80.54558,-80.54558
3017,-82.82491,-82.82491
3018,-81.99847,-81.99847
3019,-83.43667,-83.43667
3020,-81.99955,-81.99955
3021,-81.26559,-81.26559
3022,-82.21939,-82.21939
3023,-81.82391,-81.82391
3024,-81.02917,-81.02917
3025,-81.28671,-81.28671
3026,-81.38112,-81.38112
3027,-81.32425,-81.32425
3028,-81.1414,-81.1414
3029,-81.3741,-81.3741
3030,-84.48506,-84.48506
3031,-82.64864,-82.64864
3032,-83.18179,-83.18179
3033,-81.34993,-81.34993
3034,-83.44371,-83.44371
3035,-82.3997,-82.3997
3036,-81.25576,-81.25576
3037,-81.5693,-81.5693
3038,-81.1455,-81.1455
3039,-80.62124,-80.62124
3040,-81.22745,-81.22745
3041,-80.89606,-80.89606
3042,-80.64211,-80.64211
3043,-80.59236,-80.59236
3044,-82.12263,-82.12263
3045,-81.37181,-81.37181
3046,-80.67828,-80.67828
3047,-81.40079,-81.40079
3048,-82.6353,-82.6353
3049,-81.49697,-81.49697
3050,-81.2558,-81.2558
3051,-82.27037,-82.27037
3052,-84.15971,-84.15971
3053,-83.12916,-83.12916
3054,-82.41861,-82.41861
3055,-82.38627,-82.38627
3056,-81.57021,-81.57021
3057,-80.57396,-80.57396
3058,-81.47081,-81.47081
3059,-83.56088,-83.56088
3060,-81.33134,-81.33134
3061,-84.36754,-84.36754
3062,-81.56152,-81.56152
3063,-83.06977,-83.06977
3064,-81.28275,-81.28275
3065,-81.52101,-81.52101
3066,-81.27506,-81.27506
3067,-81.5518,-81.5518
3068,-80.616,-80.616
3069,-82.79665,-82.79665
3070,-81.27147,-81.27147
3071,-81.1188,-81.1188
3072,-81.20422,-81.20422
3073,-81.60838,-81.60838
3074,-81.3654,-81.3654
3075,-89.34647,-89.34647
3076,-81.32337,-81.32337
3077,-80.85832,-80.85832
3078,-80.90944,-80.90944
3079,-84.1317,-84.1317
3080,-81.37085,-81.37085
3081,-83.12891,-83.12891
3082,-82.63536,-82.63536
3083,-81.64181,-81.64181
3084,-40544270.0,-40544270.0
3085,-81.26729,-81.26729
3086,-80.84143,-80.84143
3087,-83.40022,-83.40022
3088,-81.11617,-81.11617
3089,-81.36305,-81.36305
3090,-81.4936,-81.4936
3091,-82.34181,-82.34181
3092,-81.03764,-81.03764
3093,-80.98022,-80.98022
3094,-83.7278,-83.7278
3095,-80.14099,-80.14099
3096,-82.14194,-82.14194
3097,-81.50403,-81.50403
3098,-81.91616,-81.91616
3099,-82.07824,-82.07824
3100,-82.16943,-82.16943
3101,-83.07492,-83.07492
3102,-82.14536,-82.14536
3103,-83.02551,-83.02551
3104,-80.96186,-80.96186
3105,-84.51192,-84.51192
3106,-80.61996,-80.61996
3107,-84.08533,-84.08533
3108,-81.5168,-81.5168
3109,-82.36591,-82.36591
3110,-84.14354,-84.14354
3111,-82.29642,-82.29642
3112,-82.13298,-82.13298
3113,-95.04778,-95.04778
3114,-99.81514,-99.81514
3115,-94.93722,-94.93722
3116,-94.63111,-94.63111
3117,-97.24139,-97.24139
3118,-94.92667,-94.92667
3119,-95.34111,-95.34111
3120,-94.96639,-94.96639
3121,-94.70278,-94.70278
3122,-94.60042,-94.60042
3123,-94.91928,-94.91928
3124,-94.685,-94.685
3125,-94.575,-94.575
3126,-94.98001,-94.98001
3127,-94.7264,-94.7264
3128,-94.7297,-94.7297
3129,-94.49968,-94.49968
3130,-99.0,-99.0
3131,-95.11875,-95.11875
3132,-98.24586,-98.24586
3133,-94.66875,-94.66875
3134,-94.77699,-94.77699
3135,-95.2419,-95.2419
3136,-99.93007,-99.93007
3137,-122.3755,-122.3755
3138,-122.4808,-122.4808
3139,-123.9599,-123.9599
3140,-123.466,-123.466
3141,-119.6389,-119.6389
3142,-122.2777,-122.2777
3143,-123.455,-123.455
3144,-121.3815,-121.3815
3145,-122.275,-122.275
3146,-122.1647,-122.1647
3147,-122.1631,-122.1631
3148,-123.7718,-123.7718
3149,-121.7745,-121.7745
3150,-122.0833,-122.0833
3151,-122.3057,-122.3057
3152,-121.7115,-121.7115
3153,-122.3759,-122.3759
3154,-122.7465,-122.7465
3155,-123.6664,-123.6664
3156,-123.625,-123.625
3157,-123.3724,-123.3724
3158,-123.3601,-123.3601
3159,-123.4911,-123.4911
3160,-123.4462,-123.4462
3161,-123.9211,-123.9211
3162,-123.3322,-123.3322
3163,-122.2328,-122.2328
3164,-121.8214,-121.8214
3165,-122.5674,-122.5674
3166,-122.2487,-122.2487
3167,-121.5684,-121.5684
3168,-122.2728,-122.2728
3169,-118.6131,-118.6131
3170,-121.886,-121.886
3171,-121.8165,-121.8165
3172,-118.8215,-118.8215
3173,-123.4043,-123.4043
3174,-123.6481,-123.6481
3175,-123.5792,-123.5792
3176,-123.2665,-123.2665
3177,-122.8494,-122.8494
3178,-122.7789,-122.7789
3179,-121.3338,-121.3338
3180,-118.5908,-118.5908
3181,-121.8829,-121.8829
3182,-124.0255,-124.0255
3183,-123.296,-123.296
3184,-121.6347,-121.6347
3185,-121.424,-121.424
3186,-121.6444,-121.6444
3187,-122.3803,-122.3803
3188,-123.5834,-123.5834
3189,-122.8042,-122.8042
3190,-122.9546,-122.9546
3191,-124.3688,-124.3688
3192,-121.9683,-121.9683
3193,-122.4,-122.4
3194,-122.5541,-122.5541
3195,-123.5417,-123.5417
3196,-120.2782,-120.2782
3197,-118.7717,-118.7717
3198,-123.2433,-123.2433
3199,-118.0603,-118.0603
3200,-122.0449,-122.0449
3201,-124.426,-124.426
3202,-122.1874,-122.1874
3203,-122.277,-122.277
3204,-121.9446,-121.9446
3205,-121.9547,-121.9547
3206,-123.3333,-123.3333
3207,-118.5518,-118.5518
3208,-118.5658,-118.5658
3209,-122.7875,-122.7875
3210,-121.9531,-121.9531
3211,-123.2675,-123.2675
3212,-121.5134,-121.5134
3213,-123.4573,-123.4573
3214,-117.925,-117.925
3215,-123.2916,-123.2916
3216,-123.75,-123.75
3217,-123.5036,-123.5036
3218,-122.8887,-122.8887
3219,-123.5524,-123.5524
3220,-118.0891,-118.0891
3221,-121.3866,-121.3866
3222,-118.83,-118.83
3223,-123.3973,-123.3973
3224,-121.7828,-121.7828
3225,-117.7273,-117.7273
3226,-121.4705,-121.4705
3227,-122.1032,-122.1032
3228,-123.6113,-123.6113
3229,-122.9343,-122.9343
3230,-79.3178,-79.3178
3231,-78.39445,-78.39445
3232,-77.7011,-77.7011
3233,-80.19804,-80.19804
3234,-77.62407,-77.62407
3235,-77.99314,-77.99314
3236,-75.9799,-75.9799
3237,-78.52589,-78.52589
3238,-79.8944,-79.8944
3239,-78.04547,-78.04547
3240,-76.2074,-76.2074
3241,-76.04183,-76.04183
3242,-75.23662,-75.23662
3243,-80.12229,-80.12229
3244,-80.07443,-80.07443
3245,-78.93985,-78.93985
3246,-80.25645,-80.25645
3247,-75.74288,-75.74288
3248,-71.58906,-71.58906
3249,-71.74425,-71.74425
3250,-80.80685,-80.80685
3251,-80.65645,-80.65645
3252,-81.861,-81.861
3253,-81.396,-81.396
3254,-79.884,-79.884
3255,-78.3829,-78.3829
3256,-82.82005,-82.82005
3257,-80.559,-80.559
3258,-80.95958,-80.95958
3259,-80.45451,-80.45451
3260,-82.7962,-82.7962
3261,-103.6183,-103.6183
3262,-89.91499,-89.91499
3263,-88.65445,-88.65445
3264,-89.3808,-89.3808
3265,-82.98764,-82.98764
3266,-86.9094,-86.9094
3267,-88.30945,-88.30945
3268,-88.76775,-88.76775
3269,-86.36485,-86.36485
3270,-83.73153,-83.73153
3271,-83.3626,-83.3626
3272,-89.94,-89.94
3273,-83.47566,-83.47566
3274,-84.05056,-84.05056
3275,-85.75014,-85.75014
3276,-85.02585,-85.02585
3277,-89.7735,-89.7735
3278,-87.2352,-87.2352
3279,-83.21461,-83.21461
3280,-87.2932,-87.2932
3281,-86.2011,-86.2011
3282,-84.8215,-84.8215
3283,-82.3045,-82.3045
3284,-84.85902,-84.85902
3285,-87.44963,-87.44963
3286,-89.0912,-89.0912
3287,-82.31094,-82.31094
3288,-86.9803,-86.9803
3289,-83.92841,-83.92841
3290,-87.0886,-87.0886
3291,-87.8084,-87.8084
3292,-83.918,-83.918
3293,-89.35205,-89.35205
3294,-95.77,-95.77
3295,-101.5361,-101.5361
3296,-93.87194,-93.87194
3297,-98.03083,-98.03083
3298,-94.11611,-94.11611
3299,-96.55,-96.55
3300,-94.25556,-94.25556
3301,-97.06667,-97.06667
3302,-96.80417,-96.80417
3303,-96.69583,-96.69583
3304,-96.53,-96.53
3305,-94.81806,-94.81806
3306,-95.70861,-95.70861
3307,-94.33334,-94.33334
3308,-95.68333,-95.68333
3309,-95.62861,-95.62861
3310,-94.20695,-94.20695
3311,-96.96333,-96.96333
3312,-97.81083,-97.81083
3313,-100.8361,-100.8361
3314,-98.05,-98.05
3315,-96.27306,-96.27306
3316,-95.58334,-95.58334
3317,-95.54278,-95.54278
3318,-95.24917,-95.24917
3319,-94.86833,-94.86833
3320,-95.41817,-95.41817
3321,-100.5167,-100.5167
3322,-94.37361,-94.37361
3323,-94.6,-94.6
3324,-96.2,-96.2
3325,-96.04472,-96.04472
3326,-98.38333,-98.38333
3327,-93.68333,-93.68333
3328,-95.71278,-95.71278
3329,-95.36166,-95.36166
3330,-100.4104,-100.4104
3331,-96.59167,-96.59167
3332,-95.12305,-95.12305
3333,-93.89,-93.89
3334,-94.58,-94.58
3335,-94.66653,-94.66653
3336,-95.5,-95.5
3337,-95.13,-95.13
3338,-93.97194,-93.97194
3339,-95.47556,-95.47556
3340,-95.77908,-95.77908
3341,-100.545,-100.545
3342,-95.20691,-95.20691
3343,-97.59946,-97.59946
3344,-100.4219,-100.4219
3345,-98.34489,-98.34489
3346,-98.53998,-98.53998
3347,-95.75645,-95.75645
3348,-97.03784,-97.03784
3349,-95.92831,-95.92831
3350,-96.76199,-96.76199
3351,-97.02299,-97.02299
3352,-94.52925,-94.52925
3353,-97.815,-97.815
3354,-97.445,-97.445
3355,-98.0,-98.0
3356,-97.47971,-97.47971
3357,-94.04529,-94.04529
3358,-98.15556,-98.15556
3359,-98.56143,-98.56143
3360,-94.20776,-94.20776
3361,-94.14799,-94.14799
3362,-94.12258,-94.12258
3363,-95.84,-95.84
3364,-98.4,-98.4
3365,-95.72607,-95.72607
3366,-97.75,-97.75
3367,-98.3,-98.3
3368,-97.52499,-97.52499
3369,-111.2186,-111.2186
3370,-111.6068,-111.6068
3371,-111.63,-111.63
3372,-110.0,-110.0
3373,-109.75,-109.75
3374,-111.23,-111.23
3375,-111.625,-111.625
3376,-109.725,-109.725
3377,-109.575,-109.575
3378,-111.5986,-111.5986
3379,-110.825,-110.825
3380,-110.9325,-110.9325
3381,-111.6149,-111.6149
3382,-110.8139,-110.8139
3383,-110.3583,-110.3583
3384,-111.5833,-111.5833
3385,-111.6956,-111.6956
3386,-111.6348,-111.6348
3387,-111.6631,-111.6631
3388,-111.1339,-111.1339
3389,-111.8189,-111.8189
3390,-111.6508,-111.6508
3391,-110.8055,-110.8055
3392,-109.3125,-109.3125
3393,-112.1402,-112.1402
3394,-79.49707,-79.49707
3395,-77.34879,-77.34879
3396,-76.77447,-76.77447
3397,-76.28729,-76.28729
3398,-82.4179,-82.4179
3399,-80.04166,-80.04166
3400,-80.8797,-80.8797
3401,-78.9279,-78.9279
3402,-79.16096,-79.16096
3403,-79.1345,-79.1345
3404,-75.6561,-75.6561
3405,-76.364,-76.364
3406,-79.14478,-79.14478
3407,-79.908,-79.908
3408,-78.193,-78.193
3409,-78.5367,-78.5367
3410,-77.90815,-77.90815
3411,-79.65548,-79.65548
3412,-77.90815,-77.90815
3413,-77.17868,-77.17868
3414,-77.2265,-77.2265
3415,-79.14795,-79.14795
3416,-76.0418,-76.0418
3417,-80.89,-80.89
3418,-77.95074,-77.95074
3419,-79.8871,-79.8871
3420,-78.02081,-78.02081
3421,-81.9107,-81.9107
3422,-79.35755,-79.35755
3423,-79.79759,-79.79759
3424,-80.36054,-80.36054
3425,-80.6275,-80.6275
3426,-79.11095,-79.11095
3427,-78.1268,-78.1268
3428,-81.62195,-81.62195
3429,-79.02109,-79.02109
3430,-73.0723,-73.0723
3431,-72.60887,-72.60887
3432,-121.8053,-121.8053
3433,-121.0922,-121.0922
3434,-117.6767,-117.6767
3435,-122.1914,-122.1914
3436,-123.1967,-123.1967
3437,-122.5386,-122.5386
3438,-121.3051,-121.3051
3439,-122.1914,-122.1914
3440,-120.5122,-120.5122
3441,-122.3442,-122.3442
3442,-121.5825,-121.5825
3443,-120.835,-120.835
3444,-120.9591,-120.9591
3445,-120.6705,-120.6705
3446,-123.5864,-123.5864
3447,-122.3353,-122.3353
3448,-122.8994,-122.8994
3449,-121.6406,-121.6406
3450,-121.6508,-121.6508
3451,-120.3,-120.3
3452,-124.053,-124.053
3453,-120.7967,-120.7967
3454,-123.6619,-123.6619
3455,-117.9486,-117.9486
3456,-121.7569,-121.7569
3457,-121.4317,-121.4317
3458,-121.5356,-121.5356
3459,-121.7565,-121.7565
3460,-120.8908,-120.8908
3461,-121.2692,-121.2692
3462,-121.2981,-121.2981
3463,-121.7731,-121.7731
3464,-122.9367,-122.9367
3465,-121.4625,-121.4625
3466,-123.2334,-123.2334
3467,-120.1075,-120.1075
3468,-117.4694,-117.4694
3469,-122.5386,-122.5386
3470,-122.7607,-122.7607
3471,-122.5789,-122.5789
3472,-121.8211,-121.8211
3473,-122.5819,-122.5819
3474,-122.4328,-122.4328
3475,-122.1967,-122.1967
3476,-121.7913,-121.7913
3477,-122.0514,-122.0514
3478,-121.8134,-121.8134
3479,-122.4133,-122.4133
3480,-122.4133,-122.4133
3481,-122.1483,-122.1483
3482,-121.1458,-121.1458
3483,-117.1153,-117.1153
3484,-121.705,-121.705
3485,-122.0874,-122.0874
3486,-122.015,-122.015
3487,-121.6594,-121.6594
3488,-121.725,-121.725
3489,-120.2758,-120.2758
3490,-122.1283,-122.1283
3491,-118.0519,-118.0519
3492,-121.0777,-121.0777
3493,-121.2764,-121.2764
3494,-121.1544,-121.1544
3495,-123.1583,-123.1583
3496,-121.8,-121.8
3497,-121.6667,-121.6667
3498,-122.4275,-122.4275
3499,-121.9697,-121.9697
3500,-122.8241,-122.8241
3501,-118.9844,-118.9844
3502,-117.6454,-117.6454
3503,-121.0638,-121.0638
3504,-121.7064,-121.7064
3505,-121.7944,-121.7944
3506,-121.8078,-121.8078
3507,-121.6278,-121.6278
3508,-122.0375,-122.0375
3509,-122.82,-122.82
3510,-122.0252,-122.0252
3511,-121.1008,-121.1008
3512,-120.319,-120.319
3513,-121.9191,-121.9191
3514,-120.718,-120.718
3515,-118.9505,-118.9505
3516,-122.2864,-122.2864
3517,-121.1692,-121.1692
3518,-124.5301,-124.5301
3519,-121.3676,-121.3676
3520,-121.9192,-121.9192
3521,-119.7023,-119.7023
3522,-123.8979,-123.8979
3523,-121.6967,-121.6967
3524,-121.5497,-121.5497
3525,-121.6606,-121.6606
3526,-123.1208,-123.1208
3527,-122.2738,-122.2738
3528,-123.4898,-123.4898
3529,-121.8864,-121.8864
3530,-122.885,-122.885
3531,-121.4454,-121.4454
3532,-122.8531,-122.8531
3533,-122.6916,-122.6916
3534,-121.5633,-121.5633
3535,-122.0262,-122.0262
3536,-121.4044,-121.4044
3537,-121.8943,-121.8943
3538,-123.7108,-123.7108
3539,-121.6669,-121.6669
3540,-122.3416,-122.3416
3541,-123.3958,-123.3958
3542,-121.7512,-121.7512
3543,-122.2985,-122.2985
3544,-121.7812,-121.7812
3545,-123.8647,-123.8647
3546,-123.7349,-123.7349
3547,-122.0247,-122.0247
3548,-121.7476,-121.7476
3549,-122.1301,-122.1301
3550,-122.2196,-122.2196
3551,-124.3324,-124.3324
3552,-123.2383,-123.2383
3553,-117.2833,-117.2833
3554,-120.2238,-120.2238
3555,-120.715,-120.715
3556,-121.3603,-121.3603
3557,-122.5926,-122.5926
3558,-123.9364,-123.9364
3559,-122.195,-122.195
3560,-121.1544,-121.1544
3561,-122.1761,-122.1761
3562,-124.1736,-124.1736
3563,-122.0297,-122.0297
3564,-121.9313,-121.9313
3565,-123.8796,-123.8796
3566,-123.8358,-123.8358
3567,-121.1958,-121.1958
3568,-121.3685,-121.3685
3569,-120.7426,-120.7426
3570,-122.3291,-122.3291
3571,-120.1611,-120.1611
3572,-117.3672,-117.3672
3573,-122.535,-122.535
3574,-123.582,-123.582
3575,-121.5775,-121.5775
3576,-123.2008,-123.2008
3577,-119.0802,-119.0802
3578,-121.5777,-121.5777
3579,-119.7595,-119.7595
3580,-123.1976,-123.1976
3581,-119.5423,-119.5423
3582,-120.1611,-120.1611
3583,-121.4844,-121.4844
3584,-122.2612,-122.2612
3585,-167.131,-167.131
3586,-122.9316,-122.9316
3587,-119.187,-119.187
3588,-122.105,-122.105
3589,-121.8221,-121.8221
3590,-122.6893,-122.6893
3591,-122.0467,-122.0467
3592,-122.1931,-122.1931
3593,-121.8738,-121.8738
3594,-121.45,-121.45
3595,-121.6738,-121.6738
3596,-122.5377,-122.5377
3597,-121.905,-121.905
3598,-121.5354,-121.5354
3599,-122.9539,-122.9539
3600,-121.9677,-121.9677
3601,-123.6886,-123.6886
3602,-121.4821,-121.4821
3603,-122.8665,-122.8665
3604,-61921560.0,-61921560.0
3605,-123.2349,-123.2349
3606,-123.9878,-123.9878
3607,-122.2484,-122.2484
3608,-122.0303,-122.0303
3609,-121.9563,-121.9563
3610,-121.936,-121.936
3611,-122.3574,-122.3574
3612,-121.6321,-121.6321
3613,-121.718,-121.718
3614,-123.0533,-123.0533
3615,-122.5089,-122.5089
3616,-118.5905,-118.5905
3617,-121.851,-121.851
3618,-122.6361,-122.6361
3619,-121.2957,-121.2957
3620,-118.5545,-118.5545
3621,-118.4102,-118.4102
3622,-121.4008,-121.4008
3623,-124.0273,-124.0273
3624,-121.7576,-121.7576
3625,-122.5572,-122.5572
3626,-122.0571,-122.0571
3627,-122.5319,-122.5319
3628,-122.8722,-122.8722
3629,-122.0566,-122.0566
3630,-124.6802,-124.6802
3631,-122.6997,-122.6997
3632,-123.2259,-123.2259
3633,-122.2842,-122.2842
3634,-121.921,-121.921
3635,-123.0235,-123.0235
3636,-123.1267,-123.1267
3637,-123.2005,-123.2005
3638,-123.7095,-123.7095
3639,-123.5436,-123.5436
3640,-124.2306,-124.2306
3641,-122.5552,-122.5552
3642,-122.7043,-122.7043
3643,-118.4379,-118.4379
3644,-121.6692,-121.6692
3645,-122.6317,-122.6317
3646,-123.4013,-123.4013
3647,-122.6028,-122.6028
3648,-119.8428,-119.8428
3649,-122.1676,-122.1676
3650,-120.8032,-120.8032
3651,-120.7744,-120.7744
3652,-121.6014,-121.6014
3653,-122.5308,-122.5308
3654,-120.5949,-120.5949
3655,-122.7372,-122.7372
3656,-122.1253,-122.1253
3657,-124.199,-124.199
3658,-122.0246,-122.0246
3659,-121.4234,-121.4234
3660,-121.4469,-121.4469
3661,-120.55,-120.55
3662,-121.7915,-121.7915
3663,-120.5688,-120.5688
3664,-121.3552,-121.3552
3665,-122.157,-122.157
3666,-119.6985,-119.6985
3667,-121.9683,-121.9683
3668,-122.9714,-122.9714
3669,-124.1692,-124.1692
3670,-121.5186,-121.5186
3671,-123.1592,-123.1592
3672,-123.8859,-123.8859
3673,-122.2138,-122.2138
3674,-121.5314,-121.5314
3675,-123.0865,-123.0865
3676,-121.7363,-121.7363
3677,-122.1357,-122.1357
3678,-122.0775,-122.0775
3679,-121.3034,-121.3034
3680,-122.941,-122.941
3681,-124.1526,-124.1526
3682,-121.3201,-121.3201
3683,-122.0669,-122.0669
3684,-119.9417,-119.9417
3685,-120.793,-120.793
3686,-122.3677,-122.3677
3687,-121.1057,-121.1057
3688,-121.3455,-121.3455
3689,-117.167,-117.167
3690,-121.3539,-121.3539
3691,-119.182,-119.182
3692,-122.4607,-122.4607
3693,-120.7219,-120.7219
3694,-120.502,-120.502
3695,-122.6246,-122.6246
3696,-117.9368,-117.9368
3697,-119.0709,-119.0709
3698,-122.6755,-122.6755
3699,-122.1625,-122.1625
3700,-121.6785,-121.6785
3701,-117.5853,-117.5853
3702,-91.87774,-91.87774
3703,-88.12464,-88.12464
3704,-90.1687,-90.1687
3705,-92.30575,-92.30575
3706,-89.8741,-89.8741
3707,-92.683,-92.683
3708,-88.1255,-88.1255
3709,-89.66195,-89.66195
3710,-90.46,-90.46
3711,-89.7384,-89.7384
3712,-91.1713,-91.1713
3713,-90.7167,-90.7167
3714,-88.3245,-88.3245
3715,-90.90444,-90.90444
3716,-87.49564,-87.49564
3717,-91.10812,-91.10812
3718,-88.5233,-88.5233
3719,-89.18135,-89.18135
3720,-88.44846,-88.44846
3721,-88.38782,-88.38782
3722,-87.63705,-87.63705
3723,-89.66046,-89.66046
3724,-89.7793,-89.7793
3725,-87.52243,-87.52243
3726,-90.2787,-90.2787
3727,-446665.2,-446665.2
3728,-89.7715,-89.7715
3729,-87.94178,-87.94178
3730,-442106.6,-442106.6
3731,-87.84023,-87.84023
3732,-89.6816,-89.6816
3733,-89.21035,-89.21035
3734,-89.66375,-89.66375
3735,-90.24295,-90.24295
3736,-89.81407,-89.81407
3737,-89.3381,-89.3381
3738,-88.68,-88.68
3739,-90.7109,-90.7109
3740,-92.66538,-92.66538
3741,-91.2421,-91.2421
3742,-90.86665,-90.86665
3743,-79.32608,-79.32608
3744,-81.0,-81.0
3745,-82.52633,-82.52633
3746,-81.60155,-81.60155
3747,-80.51534,-80.51534
3748,-82.07358,-82.07358
3749,-82.25949,-82.25949
3750,-79.33517,-79.33517
3751,-81.14714,-81.14714
3752,-82.0849,-82.0849
3753,-79.7802,-79.7802
3754,-79.5653,-79.5653
3755,-79.3999,-79.3999
3756,-80.17528,-80.17528
3757,-81.14833,-81.14833
3758,-80.5621,-80.5621
3759,-80.19044,-80.19044
3760,-79.52835,-79.52835
3761,-79.98335,-79.98335
3762,-80.985,-80.985
3763,-81.5784,-81.5784
3764,-80.17294,-80.17294
3765,-81.0321,-81.0321
3766,-79.9442,-79.9442
3767,-82.0029,-82.0029
3768,-79.665,-79.665
3769,-79.95695,-79.95695
3770,-80.429,-80.429
3771,-81.1447,-81.1447
3772,-79.98,-79.98
3773,-79.495,-79.495
3774,-80.915,-80.915
3775,-81.8,-81.8
3776,-82.4438,-82.4438
3777,-79.18524,-79.18524
3778,-79.7773,-79.7773
3779,-79.33413,-79.33413
3780,-79.7927,-79.7927
3781,-79.26241,-79.26241
3782,-79.4123,-79.4123
3783,-79.68047,-79.68047
3784,-80.585,-80.585
3785,-81.2625,-81.2625
3786,-78.05424,-78.05424
3787,-109.6429,-109.6429
3788,-110.5979,-110.5979
3789,-110.9967,-110.9967
3790,-104.1665,-104.1665
3791,-86.17965,-86.17965
3792,-86.68,-86.68
3793,-92.33472,-92.33472
3794,-117.1564,-117.1564
3795,-82.4524,-82.4524
3796,-84.5422,-84.5422
3797,-89.3595,-89.3595
3798,-89.0111,-89.0111
3799,-88.9094,-88.9094
3800,-89.918,-89.918
3801,-111.9744,-111.9744
3802,-114.0906,-114.0906
3803,-105.8642,-105.8642
3804,-94.89986,-94.89986
3805,-94.96611,-94.96611
3806,-121.0415,-121.0415
3807,-124.2933,-124.2933
3808,-122.0456,-122.0456
3809,-91.33662,-91.33662
