{"name":"datafiniti_restaurants-burritos-and-tacos","title":"Restaurants That Sell Burritos and Tacos in the U.S.","description":"A list of 19,000+ businesses offering \"burrito\" or \"taco\" menu items in the U.S.\n\n# About this Data\nThis is a list of 19,439 restaurants and similar businesses with menu items containing \"burrito\" or \"taco\" in their names provided by [Datafiniti's Business Database](https://datafiniti.co/products/business-data).\n\nThe dataset includes the category, cuisine, restaurant information, and more for a menu item. Each row corresponds to a single menu item from the restaurant, and the entirety of each restaurant's menu is not listed. Only burrito or taco items are listed.\n\n*Note that this is a sample of a large dataset. The full dataset is available through Datafiniti.*\n\n# What You Can Do with this Data\nYou can use this data to discover which parts of the country [offer the most for Mexican food aficionados](https://datafiniti.co/tacos-vs-burritos/). E.g.:\n\n* What is the ratio of burritos and tacos on restaurant menus from each city?\n* What is the ratio of burritos and tacos on restaurant menus from cities with the most restaurants per capita (10,000 residents)? \n* What is the ratio of cities with the most authentic Mexican restaurants per capita (10,000 residents)?\n* Which cities have the most authentic Mexican restaurants? \n* Which cities have the most Mexican restaurants?\n* Which Mexican restaurants have the most locations nationally?\n\n# Data Schema\nA full schema for the data is available in our [support documentation](https://datafiniti-api.readme.io/docs/business-data-schema).\n\n# About Datafiniti\nDatafiniti provides instant access to web data.  We compile data from thousands of websites to create standardized databases of business, product, and property information.  [Learn more](https://datafiniti.co).\n\n# Interested in the Full Dataset?\nGet this data and more by [creating a free Datafiniti account](https://datafiniti.co/pricing/business-data-pricing/) or [requesting a demo](https://datafiniti.co/request-a-demo/).","homepage":"https://data.world/datafiniti/restaurants-burritos-and-tacos","license":"CC BY-NC-SA","resources":[{"name":"just_tacos_and_burritos","schema":{"fields":[{"name":"id","title":"id","type":"string","rdfType":"http://www.w3.org/2001/XMLSchema#string","dwSourceId":"id"},{"name":"address","title":"address","type":"string","rdfType":"http://www.w3.org/2001/XMLSchema#string","dwSourceId":"address"},{"name":"categories","title":"categories","type":"string","rdfType":"http://www.w3.org/2001/XMLSchema#string","dwSourceId":"categories"},{"name":"city","title":"city","type":"string","rdfType":"http://www.w3.org/2001/XMLSchema#string","dwSourceId":"city"},{"name":"country","title":"country","type":"string","rdfType":"http://www.w3.org/2001/XMLSchema#string","dwSourceId":"country"},{"name":"cuisines","title":"cuisines","type":"string","rdfType":"http://www.w3.org/2001/XMLSchema#string","dwSourceId":"cuisines"},{"name":"dateadded","title":"dateAdded","type":"datetime","rdfType":"http://www.w3.org/2001/XMLSchema#dateTimeStamp","dwSourceId":"dateadded"},{"name":"dateupdated","title":"dateUpdated","type":"datetime","rdfType":"http://www.w3.org/2001/XMLSchema#dateTimeStamp","dwSourceId":"dateupdated"},{"name":"keys","title":"keys","type":"string","rdfType":"http://www.w3.org/2001/XMLSchema#string","dwSourceId":"keys"},{"name":"latitude","title":"latitude","type":"number","rdfType":"http://www.w3.org/2001/XMLSchema#decimal","dwSourceId":"latitude"},{"name":"longitude","title":"longitude","type":"number","rdfType":"http://www.w3.org/2001/XMLSchema#decimal","dwSourceId":"longitude"},{"name":"menupageurl","title":"menuPageURL","type":"string","rdfType":"http://www.w3.org/2001/XMLSchema#anyURI","dwSourceId":"menupageurl"},{"name":"menus_amountmax","title":"menus.amountMax","type":"number","rdfType":"http://www.w3.org/2001/XMLSchema#decimal","dwSourceId":"menus_amountmax"},{"name":"menus_amountmin","title":"menus.amountMin","type":"number","rdfType":"http://www.w3.org/2001/XMLSchema#decimal","dwSourceId":"menus_amountmin"},{"name":"menus_category","title":"menus.category","type":"string","rdfType":"http://www.w3.org/2001/XMLSchema#string","dwSourceId":"menus_category"},{"name":"menus_currency","title":"menus.currency","type":"string","rdfType":"http://www.w3.org/2001/XMLSchema#string","dwSourceId":"menus_currency"},{"name":"menus_dateseen","title":"menus.dateSeen","type":"string","rdfType":"http://www.w3.org/2001/XMLSchema#string","dwSourceId":"menus_dateseen"},{"name":"menus_description","title":"menus.description","type":"string","rdfType":"http://www.w3.org/2001/XMLSchema#string","dwSourceId":"menus_description"},{"name":"menus_name","title":"menus.name","type":"string","rdfType":"http://www.w3.org/2001/XMLSchema#string","dwSourceId":"menus_name"},{"name":"name","title":"name","type":"string","rdfType":"http://www.w3.org/2001/XMLSchema#string","dwSourceId":"name"},{"name":"postalcode","title":"postalCode","type":"string","rdfType":"http://www.w3.org/2001/XMLSchema#string","dwSourceId":"postalcode"},{"name":"pricerangecurrency","title":"priceRangeCurrency","type":"string","rdfType":"http://www.w3.org/2001/XMLSchema#string","dwSourceId":"pricerangecurrency"},{"name":"pricerangemin","title":"priceRangeMin","type":"integer","rdfType":"http://www.w3.org/2001/XMLSchema#integer","dwSourceId":"pricerangemin"},{"name":"pricerangemax","title":"priceRangeMax","type":"integer","rdfType":"http://www.w3.org/2001/XMLSchema#integer","dwSourceId":"pricerangemax"},{"name":"province","title":"province","type":"string","rdfType":"http://www.w3.org/2001/XMLSchema#string","dwSourceId":"province"},{"name":"websites","title":"websites","type":"string","rdfType":"http://www.w3.org/2001/XMLSchema#anyURI","dwSourceId":"websites"},{"name":"location","title":" Location","type":"string","rdfType":"http://www.opengis.net/ont/OGC-GeoSPARQL/1.0/Point","dwSourceId":"location"}]},"path":"data/just_tacos_and_burritos.csv","format":"csv"},{"name":"original/just tacos and burritos.xlsx","path":"original/just tacos and burritos.xlsx","format":"xlsx","mediatype":"application/vnd.openxmlformats-officedocument.spreadsheetml.sheet","bytes":15913241}],"keywords":["burrito","business","food","marketing","menu","prices","restaurant","taco"]}